__v,_id,createdAt,featuredPlaylist,song,updatedAt
0,62c450ad99ebab4f61c31883,2022-07-05T14:54:37.679Z,62c4507a99ebab4f61c31780,62b70f41af76674f1911d085,2022-07-05T14:54:37.679Z
0,62c450ad99ebab4f61c31886,2022-07-05T14:54:37.681Z,62c4507a99ebab4f61c31780,62bfd433f54e5aea4bdf1723,2022-07-05T14:54:37.681Z
0,62c450ad99ebab4f61c31889,2022-07-05T14:54:37.682Z,62c4507a99ebab4f61c31780,62b714e8ceeabb7eccc4256a,2022-07-05T14:54:37.682Z
0,62c450ad99ebab4f61c3188c,2022-07-05T14:54:37.683Z,62c4507a99ebab4f61c31780,62b71480ceeabb7eccc424fa,2022-07-05T14:54:37.683Z
0,62c4554699ebab4f61c31e6c,2022-07-05T15:14:14.618Z,62c44f8e99ebab4f61c3170f,62b71480ceeabb7eccc424fa,2022-07-05T15:14:14.618Z
0,62c4554699ebab4f61c31e6f,2022-07-05T15:14:14.622Z,62c44f8e99ebab4f61c3170f,62b713fcceeabb7eccc42493,2022-07-05T15:14:14.622Z
0,62c4554699ebab4f61c31e72,2022-07-05T15:14:14.624Z,62c44f8e99ebab4f61c3170f,62b715efceeabb7eccc425e3,2022-07-05T15:14:14.624Z
0,62c4554699ebab4f61c31e75,2022-07-05T15:14:14.626Z,62c44f8e99ebab4f61c3170f,62b70f41af76674f1911d085,2022-07-05T15:14:14.626Z
0,62c4558399ebab4f61c31f20,2022-07-05T15:15:15.204Z,62c44eb599ebab4f61c31541,62b70498bb2cab71b5f547da,2022-07-05T15:15:15.204Z
0,62c4558399ebab4f61c31f23,2022-07-05T15:15:15.206Z,62c44eb599ebab4f61c31541,62b3e2fbc2becede183e6380,2022-07-05T15:15:15.206Z
0,62c4558399ebab4f61c31f26,2022-07-05T15:15:15.209Z,62c44eb599ebab4f61c31541,62b704c0bb2cab71b5f547fe,2022-07-05T15:15:15.209Z
0,62c4558399ebab4f61c31f29,2022-07-05T15:15:15.212Z,62c44eb599ebab4f61c31541,62b3f0efde0e2a961e680ed8,2022-07-05T15:15:15.212Z
0,62c455c099ebab4f61c31fb3,2022-07-05T15:16:16.285Z,62c44d3499ebab4f61c3149a,62c445f199ebab4f61c2f2cc,2022-07-05T15:16:16.285Z
0,62c455c099ebab4f61c31fb6,2022-07-05T15:16:16.288Z,62c44d3499ebab4f61c3149a,62c444ec99ebab4f61c2f261,2022-07-05T15:16:16.288Z
0,62c455c099ebab4f61c31fb9,2022-07-05T15:16:16.289Z,62c44d3499ebab4f61c3149a,62c445a699ebab4f61c2f2ac,2022-07-05T15:16:16.289Z
0,62c455c099ebab4f61c31fbc,2022-07-05T15:16:16.290Z,62c44d3499ebab4f61c3149a,62b7124aceeabb7eccc423a8,2022-07-05T15:16:16.290Z
0,62c455eb99ebab4f61c32042,2022-07-05T15:16:59.987Z,62c44c9099ebab4f61c3140f,62c440f599ebab4f61c2e700,2022-07-05T15:16:59.987Z
0,62c455eb99ebab4f61c32045,2022-07-05T15:16:59.989Z,62c44c9099ebab4f61c3140f,62b4271390f86a98f300b36b,2022-07-05T15:16:59.989Z
0,62c455eb99ebab4f61c32048,2022-07-05T15:16:59.990Z,62c44c9099ebab4f61c3140f,62c43ce799ebab4f61c2dcf2,2022-07-05T15:16:59.990Z
0,62c455eb99ebab4f61c3204b,2022-07-05T15:16:59.992Z,62c44c9099ebab4f61c3140f,62c4378999ebab4f61c2d779,2022-07-05T15:16:59.992Z
0,62c455eb99ebab4f61c3204e,2022-07-05T15:16:59.993Z,62c44c9099ebab4f61c3140f,62c4383299ebab4f61c2d7a2,2022-07-05T15:16:59.993Z
0,62c4560c99ebab4f61c32097,2022-07-05T15:17:32.371Z,62c44b7699ebab4f61c3138f,62c440a099ebab4f61c2e69d,2022-07-05T15:17:32.371Z
0,62c4560c99ebab4f61c3209a,2022-07-05T15:17:32.374Z,62c44b7699ebab4f61c3138f,62c4404399ebab4f61c2e66f,2022-07-05T15:17:32.374Z
0,62c4560c99ebab4f61c3209d,2022-07-05T15:17:32.376Z,62c44b7699ebab4f61c3138f,62c440cc99ebab4f61c2e6cf,2022-07-05T15:17:32.376Z
0,62c4565199ebab4f61c3213d,2022-07-05T15:18:41.857Z,62b43ee6bd616f11895a54d4,62b4289d90f86a98f300b36e,2022-07-05T15:18:41.857Z
0,62c4565199ebab4f61c32140,2022-07-05T15:18:41.860Z,62b43ee6bd616f11895a54d4,62b42ae390f86a98f300b37d,2022-07-05T15:18:41.860Z
0,62c4565199ebab4f61c32143,2022-07-05T15:18:41.862Z,62b43ee6bd616f11895a54d4,62b428ec90f86a98f300b371,2022-07-05T15:18:41.862Z
0,62c4565199ebab4f61c32146,2022-07-05T15:18:41.864Z,62b43ee6bd616f11895a54d4,62b4294b90f86a98f300b374,2022-07-05T15:18:41.864Z
0,62c4565199ebab4f61c32149,2022-07-05T15:18:41.866Z,62b43ee6bd616f11895a54d4,62b42a5c90f86a98f300b37a,2022-07-05T15:18:41.866Z
0,62c4566699ebab4f61c32186,2022-07-05T15:19:02.649Z,62c44d3499ebab4f61c3149a,62b70f69af76674f1911d0a5,2022-07-05T15:19:02.649Z