__v,_id,album,createdAt,featuredPlaylist,song,updatedAt,user
0,62b436e6d5c9c2060a0aac28,null,2022-06-23T09:48:22.986Z,null,62b42ae390f86a98f300b37d,2022-06-23T09:48:22.986Z,62b433283c0660c8adc60206
0,62b436f4d5c9c2060a0aac5c,null,2022-06-23T09:48:36.323Z,null,62b42a5c90f86a98f300b37a,2022-06-23T09:48:36.323Z,62b433283c0660c8adc60206
0,62b436f7d5c9c2060a0aac95,null,2022-06-23T09:48:39.559Z,null,62b429bf90f86a98f300b377,2022-06-23T09:48:39.559Z,62b433283c0660c8adc60206
0,62b436fad5c9c2060a0aaccb,null,2022-06-23T09:48:42.602Z,null,62b4294b90f86a98f300b374,2022-06-23T09:48:42.602Z,62b433283c0660c8adc60206
0,62b436fed5c9c2060a0aad01,null,2022-06-23T09:48:46.316Z,null,62b428ec90f86a98f300b371,2022-06-23T09:48:46.316Z,62b433283c0660c8adc60206
0,62b43701d5c9c2060a0aad37,null,2022-06-23T09:48:49.138Z,null,62b4289d90f86a98f300b36e,2022-06-23T09:48:49.138Z,62b433283c0660c8adc60206
0,62b438c7608e1e1f03d3e7dd,null,2022-06-23T09:56:23.222Z,null,62b4271390f86a98f300b36b,2022-06-23T09:56:23.222Z,62b433283c0660c8adc60206
0,62b43e39c26805e1fe705762,62b4271390f86a98f300b369,2022-06-23T10:19:37.454Z,null,null,2022-06-23T10:19:37.454Z,62b433283c0660c8adc60206
0,62b43e41c26805e1fe70577c,62b4254290f86a98f300b364,2022-06-23T10:19:45.162Z,null,null,2022-06-23T10:19:45.162Z,62b433283c0660c8adc60206
0,62b43e46c26805e1fe705796,62b4250090f86a98f300b35f,2022-06-23T10:19:50.282Z,null,null,2022-06-23T10:19:50.282Z,62b433283c0660c8adc60206
0,62b43e4bc26805e1fe7057b0,62b3e7d79c7896406da4bcf9,2022-06-23T10:19:55.390Z,null,null,2022-06-23T10:19:55.390Z,62b433283c0660c8adc60206
0,62b4416d5c993262c15aa467,null,2022-06-23T10:33:17.298Z,62b43ee6bd616f11895a54d4,null,2022-06-23T10:33:17.298Z,62b433283c0660c8adc60206
0,62bee0026a514d7d5776e892,null,2022-07-01T11:52:34.853Z,null,62b3f199de0e2a961e6811e5,2022-07-01T11:52:34.853Z,62b71382ceeabb7eccc42449
0,62bee00f6a514d7d5776e963,null,2022-07-01T11:52:47.724Z,null,62b3f260de0e2a961e6815fb,2022-07-01T11:52:47.724Z,62b71382ceeabb7eccc42449
0,62bee0146a514d7d5776e9fc,null,2022-07-01T11:52:52.789Z,null,62b3f0efde0e2a961e680ed8,2022-07-01T11:52:52.789Z,62b71382ceeabb7eccc42449
0,62bee0276a514d7d5776eaa2,null,2022-07-01T11:53:11.841Z,null,62b3e2fbc2becede183e6380,2022-07-01T11:53:11.841Z,62b71382ceeabb7eccc42449
0,62bee22b6a514d7d5776ecf6,null,2022-07-01T12:01:47.369Z,null,62b704f9bb2cab71b5f54822,2022-07-01T12:01:47.369Z,62b71382ceeabb7eccc42449
0,62bee2346a514d7d5776ed3c,null,2022-07-01T12:01:56.365Z,null,62b4271390f86a98f300b36b,2022-07-01T12:01:56.365Z,62b71382ceeabb7eccc42449
0,62bee23f6a514d7d5776ed88,null,2022-07-01T12:02:07.360Z,null,62b70498bb2cab71b5f547da,2022-07-01T12:02:07.360Z,62b71382ceeabb7eccc42449
0,62bee2706a514d7d5776ee20,null,2022-07-01T12:02:56.324Z,null,62b4289d90f86a98f300b36e,2022-07-01T12:02:56.324Z,62b71382ceeabb7eccc42449
0,62bee2736a514d7d5776ee4a,null,2022-07-01T12:02:59.531Z,null,62b428ec90f86a98f300b371,2022-07-01T12:02:59.531Z,62b71382ceeabb7eccc42449
0,62bee2796a514d7d5776eedf,null,2022-07-01T12:03:05.641Z,null,62b42a5c90f86a98f300b37a,2022-07-01T12:03:05.641Z,62b71382ceeabb7eccc42449
0,62bee27f6a514d7d5776ef52,null,2022-07-01T12:03:11.363Z,null,62b42ae390f86a98f300b37d,2022-07-01T12:03:11.363Z,62b71382ceeabb7eccc42449
0,62bee2906a514d7d5776efd4,null,2022-07-01T12:03:28.961Z,null,62b704c0bb2cab71b5f547fe,2022-07-01T12:03:28.961Z,62b71382ceeabb7eccc42449
0,62bee2e66a514d7d5776f077,null,2022-07-01T12:04:54.916Z,null,62b70f69af76674f1911d0a5,2022-07-01T12:04:54.916Z,62b71382ceeabb7eccc42449
0,62bee2ef6a514d7d5776f0ec,null,2022-07-01T12:05:03.053Z,null,62b70f41af76674f1911d085,2022-07-01T12:05:03.053Z,62b71382ceeabb7eccc42449
0,62bee2f46a514d7d5776f137,null,2022-07-01T12:05:08.298Z,null,62b70f1baf76674f1911d065,2022-07-01T12:05:08.298Z,62b71382ceeabb7eccc42449
0,62bee30a6a514d7d5776f168,null,2022-07-01T12:05:30.702Z,null,62b707e5bb2cab71b5f54a52,2022-07-01T12:05:30.702Z,62b71382ceeabb7eccc42449
0,62bee3166a514d7d5776f19e,null,2022-07-01T12:05:42.140Z,null,62b706eebb2cab71b5f54a03,2022-07-01T12:05:42.140Z,62b71382ceeabb7eccc42449
0,62bee3296a514d7d5776f205,null,2022-07-01T12:06:01.296Z,null,62b70dacb2d47f72bb623220,2022-07-01T12:06:01.296Z,62b71382ceeabb7eccc42449
0,62bee33a6a514d7d5776f267,null,2022-07-01T12:06:18.331Z,null,62b71299ceeabb7eccc423e8,2022-07-01T12:06:18.331Z,62b71382ceeabb7eccc42449
0,62bee3486a514d7d5776f30f,null,2022-07-01T12:06:32.098Z,null,62b7124aceeabb7eccc423a8,2022-07-01T12:06:32.098Z,62b71382ceeabb7eccc42449
0,62bee3ec6a514d7d5776f654,null,2022-07-01T12:09:16.750Z,null,62b4250090f86a98f300b361,2022-07-01T12:09:16.750Z,62b71382ceeabb7eccc42449
0,62bee5aa6a514d7d5776f811,null,2022-07-01T12:16:42.899Z,null,62b4289d90f86a98f300b36e,2022-07-01T12:16:42.899Z,62bee5746a514d7d5776f6e8
0,62bee5af6a514d7d5776f861,null,2022-07-01T12:16:47.233Z,null,62b42a5c90f86a98f300b37a,2022-07-01T12:16:47.233Z,62bee5746a514d7d5776f6e8
0,62bee5b36a514d7d5776f8b1,null,2022-07-01T12:16:51.391Z,null,62b42ae390f86a98f300b37d,2022-07-01T12:16:51.391Z,62bee5746a514d7d5776f6e8
0,62bee5bf6a514d7d5776f921,null,2022-07-01T12:17:03.032Z,null,62b70498bb2cab71b5f547da,2022-07-01T12:17:03.032Z,62bee5746a514d7d5776f6e8
0,62bee5d96a514d7d5776f982,null,2022-07-01T12:17:29.167Z,null,62b704c0bb2cab71b5f547fe,2022-07-01T12:17:29.167Z,62bee5746a514d7d5776f6e8
0,62bee5dd6a514d7d5776f9c1,null,2022-07-01T12:17:33.685Z,null,62b704f9bb2cab71b5f54822,2022-07-01T12:17:33.685Z,62bee5746a514d7d5776f6e8
0,62bee6056a514d7d5776fa34,null,2022-07-01T12:18:13.260Z,null,62b70f69af76674f1911d0a5,2022-07-01T12:18:13.260Z,62bee5746a514d7d5776f6e8
0,62bee60e6a514d7d5776fa73,null,2022-07-01T12:18:22.088Z,null,62b70f41af76674f1911d085,2022-07-01T12:18:22.088Z,62bee5746a514d7d5776f6e8
0,62bee6486a514d7d5776fb44,null,2022-07-01T12:19:20.038Z,null,62b70dacb2d47f72bb623220,2022-07-01T12:19:20.038Z,62bee5746a514d7d5776f6e8
0,62bee66f6a514d7d5776fc29,null,2022-07-01T12:19:59.774Z,null,62b3e2fbc2becede183e6380,2022-07-01T12:19:59.774Z,62bee5746a514d7d5776f6e8
0,62bee6886a514d7d5776fcd1,null,2022-07-01T12:20:24.800Z,null,62b71480ceeabb7eccc424fa,2022-07-01T12:20:24.800Z,62bee5746a514d7d5776f6e8
0,62bee6916a514d7d5776fd17,null,2022-07-01T12:20:33.607Z,null,62b713fcceeabb7eccc42493,2022-07-01T12:20:33.607Z,62bee5746a514d7d5776f6e8
0,62bee6b06a514d7d5776fd61,null,2022-07-01T12:21:04.346Z,null,62b714e8ceeabb7eccc4256a,2022-07-01T12:21:04.346Z,62bee5746a514d7d5776f6e8
0,62bee7596a514d7d5776fefa,null,2022-07-01T12:23:53.598Z,null,62b70498bb2cab71b5f547da,2022-07-01T12:23:53.598Z,62b433283c0660c8adc60206
0,62bee75f6a514d7d5776ff8b,null,2022-07-01T12:23:59.018Z,null,62b704f9bb2cab71b5f54822,2022-07-01T12:23:59.018Z,62b433283c0660c8adc60206
0,62bee7816a514d7d57770050,null,2022-07-01T12:24:33.906Z,null,62b70f69af76674f1911d0a5,2022-07-01T12:24:33.906Z,62b433283c0660c8adc60206
0,62bee78a6a514d7d577700c1,null,2022-07-01T12:24:42.148Z,null,62b70dacb2d47f72bb623220,2022-07-01T12:24:42.148Z,62b433283c0660c8adc60206
0,62bee7a06a514d7d57770170,null,2022-07-01T12:25:04.043Z,null,62b714e8ceeabb7eccc4256a,2022-07-01T12:25:04.043Z,62b433283c0660c8adc60206
0,62bee7a46a514d7d5777021d,null,2022-07-01T12:25:08.931Z,null,62b713fcceeabb7eccc42493,2022-07-01T12:25:08.931Z,62b433283c0660c8adc60206
0,62bee7b06a514d7d5777025f,null,2022-07-01T12:25:20.161Z,null,62b3e2fbc2becede183e6380,2022-07-01T12:25:20.161Z,62b433283c0660c8adc60206
0,62bee8ff6a514d7d577703a9,null,2022-07-01T12:30:55.427Z,null,62b4289d90f86a98f300b36e,2022-07-01T12:30:55.427Z,62b70373bb2cab71b5f54763
0,62bee90d6a514d7d577703d7,null,2022-07-01T12:31:09.856Z,null,62b42ae390f86a98f300b37d,2022-07-01T12:31:09.856Z,62b70373bb2cab71b5f54763
0,62bee9136a514d7d57770405,null,2022-07-01T12:31:15.521Z,null,62b4271390f86a98f300b36b,2022-07-01T12:31:15.521Z,62b70373bb2cab71b5f54763
0,62bee9186a514d7d57770421,null,2022-07-01T12:31:20.544Z,62b43ee6bd616f11895a54d4,null,2022-07-01T12:31:20.544Z,62b70373bb2cab71b5f54763
0,62bee9266a514d7d5777048e,null,2022-07-01T12:31:34.666Z,null,62b70f41af76674f1911d085,2022-07-01T12:31:34.666Z,62b70373bb2cab71b5f54763
0,62bee9296a514d7d577704d6,null,2022-07-01T12:31:37.933Z,null,62b707e5bb2cab71b5f54a52,2022-07-01T12:31:37.933Z,62b70373bb2cab71b5f54763
0,62bee9386a514d7d57770543,null,2022-07-01T12:31:52.861Z,null,62b3f0efde0e2a961e680ed8,2022-07-01T12:31:52.861Z,62b70373bb2cab71b5f54763
0,62bee9416a514d7d57770576,null,2022-07-01T12:32:01.426Z,null,62b714e8ceeabb7eccc4256a,2022-07-01T12:32:01.426Z,62b70373bb2cab71b5f54763
0,62bee9446a514d7d577705cf,null,2022-07-01T12:32:04.477Z,null,62b713fcceeabb7eccc42493,2022-07-01T12:32:04.477Z,62b70373bb2cab71b5f54763
0,62bee94b6a514d7d5777063c,null,2022-07-01T12:32:11.480Z,null,62b71480ceeabb7eccc424fa,2022-07-01T12:32:11.480Z,62b70373bb2cab71b5f54763
0,62bfc86193ebf27622029614,null,2022-07-02T04:24:01.492Z,null,62b4289d90f86a98f300b36e,2022-07-02T04:24:01.492Z,62b705dbbb2cab71b5f54973
0,62bfc87d93ebf276220296a0,null,2022-07-02T04:24:29.388Z,null,62b714e8ceeabb7eccc4256a,2022-07-02T04:24:29.388Z,62b705dbbb2cab71b5f54973
0,62bfc8cd93ebf2762202973d,null,2022-07-02T04:25:49.655Z,null,62b3f0efde0e2a961e680ed8,2022-07-02T04:25:49.655Z,62b705dbbb2cab71b5f54973
0,62bfc8dd93ebf276220297e4,null,2022-07-02T04:26:05.927Z,null,62b3e2fbc2becede183e6380,2022-07-02T04:26:05.927Z,62b705dbbb2cab71b5f54973
0,62bfcff7d5aea56fad8c8f4e,null,2022-07-02T04:56:23.330Z,null,62bfcfd4d5aea56fad8c8dec,2022-07-02T04:56:23.330Z,62b705dbbb2cab71b5f54973
0,62bfd3f2f54e5aea4bdf152e,null,2022-07-02T05:13:22.840Z,null,62bfd14b373429aab78efba4,2022-07-02T05:13:22.840Z,62b705dbbb2cab71b5f54973
0,62c12a3ff3c8d2611a429c1d,null,2022-07-03T05:33:51.404Z,null,62b42ae390f86a98f300b37d,2022-07-03T05:33:51.404Z,62c12861f3c8d2611a4296c8
0,62c12b10f3c8d2611a42a02b,null,2022-07-03T05:37:20.223Z,62b43ee6bd616f11895a54d4,null,2022-07-03T05:37:20.223Z,62c12861f3c8d2611a4296c8
0,62c12ba8f3c8d2611a42a54e,null,2022-07-03T05:39:52.624Z,null,62b4289d90f86a98f300b36e,2022-07-03T05:39:52.624Z,62c12861f3c8d2611a4296c8
0,62c39afbab9a934795faa3a0,null,2022-07-05T01:59:23.571Z,null,62b3e2fbc2becede183e6380,2022-07-05T01:59:23.571Z,62c12b87f3c8d2611a42a137
0,62c39b05ab9a934795faa3d2,null,2022-07-05T01:59:33.815Z,null,62b714e8ceeabb7eccc4256a,2022-07-05T01:59:33.815Z,62c12b87f3c8d2611a42a137
0,62c39b5aab9a934795faa443,62b4271390f86a98f300b369,2022-07-05T02:00:58.815Z,null,null,2022-07-05T02:00:58.815Z,62c12b87f3c8d2611a42a137
0,62c39b5fab9a934795faa45d,62b4250090f86a98f300b35f,2022-07-05T02:01:03.079Z,null,null,2022-07-05T02:01:03.079Z,62c12b87f3c8d2611a42a137
0,62c39b6eab9a934795faa498,null,2022-07-05T02:01:18.381Z,62b43ee6bd616f11895a54d4,null,2022-07-05T02:01:18.381Z,62c12b87f3c8d2611a42a137
0,62c39b72ab9a934795faa4b4,62b3e6b8c2becede183e63c9,2022-07-05T02:01:22.858Z,null,null,2022-07-05T02:01:22.858Z,62c12b87f3c8d2611a42a137
0,62c39b76ab9a934795faa4ce,62b3e743c2becede183e63e4,2022-07-05T02:01:26.935Z,null,null,2022-07-05T02:01:26.935Z,62c12b87f3c8d2611a42a137
0,62c39bdeab9a934795faa5ff,62b704f9bb2cab71b5f54820,2022-07-05T02:03:10.468Z,null,null,2022-07-05T02:03:10.468Z,62c12b87f3c8d2611a42a137
0,62c39be2ab9a934795faa619,62b704c0bb2cab71b5f547fc,2022-07-05T02:03:14.275Z,null,null,2022-07-05T02:03:14.275Z,62c12b87f3c8d2611a42a137
0,62c39be5ab9a934795faa633,62b70498bb2cab71b5f547d8,2022-07-05T02:03:17.478Z,null,null,2022-07-05T02:03:17.478Z,62c12b87f3c8d2611a42a137
0,62c39be8ab9a934795faa65d,62b70417bb2cab71b5f547a5,2022-07-05T02:03:20.723Z,null,null,2022-07-05T02:03:20.723Z,62c12b87f3c8d2611a42a137
0,62c39bf6ab9a934795faa6cd,62b3e584c2becede183e63b9,2022-07-05T02:03:34.836Z,null,null,2022-07-05T02:03:34.836Z,62c39bbcab9a934795faa518
0,62c39bf9ab9a934795faa6e7,62b3e2fbc2becede183e637e,2022-07-05T02:03:37.690Z,null,null,2022-07-05T02:03:37.690Z,62c39bbcab9a934795faa518
0,62c39c03ab9a934795faa73d,62b3e743c2becede183e63e4,2022-07-05T02:03:47.561Z,null,null,2022-07-05T02:03:47.561Z,62c39bbcab9a934795faa518
0,62c39c14ab9a934795faa789,62b4271390f86a98f300b369,2022-07-05T02:04:04.279Z,null,null,2022-07-05T02:04:04.279Z,62c39bbcab9a934795faa518
0,62c39c16ab9a934795faa7b3,62b9454d864c574d1acada70,2022-07-05T02:04:06.299Z,null,null,2022-07-05T02:04:06.299Z,62c12b87f3c8d2611a42a137
0,62c39c16ab9a934795faa7bd,62b4250090f86a98f300b35f,2022-07-05T02:04:06.592Z,null,null,2022-07-05T02:04:06.592Z,62c39bbcab9a934795faa518
0,62c39c1aab9a934795faa7d7,62b704f9bb2cab71b5f54820,2022-07-05T02:04:10.187Z,null,null,2022-07-05T02:04:10.187Z,62c39bbcab9a934795faa518
0,62c39c1cab9a934795faa80a,62b3e7d79c7896406da4bcf9,2022-07-05T02:04:12.535Z,null,null,2022-07-05T02:04:12.535Z,62c12b87f3c8d2611a42a137
0,62c39c1cab9a934795faa814,62b3e3c9c2becede183e639f,2022-07-05T02:04:12.783Z,null,null,2022-07-05T02:04:12.783Z,62c39bbcab9a934795faa518
0,62c39c20ab9a934795faa844,62b70417bb2cab71b5f547a5,2022-07-05T02:04:16.340Z,null,null,2022-07-05T02:04:16.340Z,62c39bbcab9a934795faa518
0,62c39c21ab9a934795faa858,62b3e2fbc2becede183e637e,2022-07-05T02:04:17.357Z,null,null,2022-07-05T02:04:17.357Z,62c12b87f3c8d2611a42a137
0,62c39c23ab9a934795faa872,62b3e7d79c7896406da4bcf9,2022-07-05T02:04:19.081Z,null,null,2022-07-05T02:04:19.081Z,62c39bbcab9a934795faa518
0,62c39c28ab9a934795faa8c2,62b3e6b8c2becede183e63c9,2022-07-05T02:04:24.013Z,null,null,2022-07-05T02:04:24.013Z,62c39bbcab9a934795faa518
0,62c39c2bab9a934795faa8dc,62b70498bb2cab71b5f547d8,2022-07-05T02:04:27.222Z,null,null,2022-07-05T02:04:27.222Z,62c39bbcab9a934795faa518
0,62c39c2eab9a934795faa8f6,62b4254290f86a98f300b364,2022-07-05T02:04:30.861Z,null,null,2022-07-05T02:04:30.861Z,62c39bbcab9a934795faa518
0,62c39c31ab9a934795faa924,62b704c0bb2cab71b5f547fc,2022-07-05T02:04:33.819Z,null,null,2022-07-05T02:04:33.819Z,62c39bbcab9a934795faa518
0,62c39c48ab9a934795faaa37,62b71205ceeabb7eccc42377,2022-07-05T02:04:56.749Z,null,null,2022-07-05T02:04:56.749Z,62c12b87f3c8d2611a42a137
0,62c39c4dab9a934795faaa57,62b70e8daf76674f1911cffc,2022-07-05T02:05:01.794Z,null,null,2022-07-05T02:05:01.794Z,62c12b87f3c8d2611a42a137
0,62c39c51ab9a934795faaa71,62b7063ebb2cab71b5f549a3,2022-07-05T02:05:05.189Z,null,null,2022-07-05T02:05:05.189Z,62c12b87f3c8d2611a42a137
0,62c39dedab9a934795fab484,null,2022-07-05T02:11:57.368Z,62b43ee6bd616f11895a54d4,null,2022-07-05T02:11:57.368Z,62c39d8dab9a934795fab257
0,62c3a1f8ab9a934795fac48e,null,2022-07-05T02:29:12.259Z,null,62b4289d90f86a98f300b36e,2022-07-05T02:29:12.259Z,62c39f70ab9a934795fabdf4
0,62c3a1fbab9a934795fac4ab,null,2022-07-05T02:29:15.454Z,null,62b42ae390f86a98f300b37d,2022-07-05T02:29:15.454Z,62c39f70ab9a934795fabdf4
0,62c3a200ab9a934795fac4c1,62b4271390f86a98f300b369,2022-07-05T02:29:20.826Z,null,null,2022-07-05T02:29:20.826Z,62c39f70ab9a934795fabdf4
0,62c3a205ab9a934795fac4db,62b4250090f86a98f300b35f,2022-07-05T02:29:25.013Z,null,null,2022-07-05T02:29:25.013Z,62c39f70ab9a934795fabdf4
0,62c3a20bab9a934795fac4f5,62b4254290f86a98f300b364,2022-07-05T02:29:31.815Z,null,null,2022-07-05T02:29:31.815Z,62c39f70ab9a934795fabdf4
0,62c3a20fab9a934795fac50f,62b3e7d79c7896406da4bcf9,2022-07-05T02:29:35.645Z,null,null,2022-07-05T02:29:35.645Z,62c39f70ab9a934795fabdf4
0,62c3a214ab9a934795fac568,null,2022-07-05T02:29:40.100Z,null,62b42a5c90f86a98f300b37a,2022-07-05T02:29:40.100Z,62c39f70ab9a934795fabdf4
0,62c3a21fab9a934795fac5a4,62b704f9bb2cab71b5f54820,2022-07-05T02:29:51.885Z,null,null,2022-07-05T02:29:51.885Z,62c39f70ab9a934795fabdf4
0,62c3a22eab9a934795fac61b,null,2022-07-05T02:30:06.264Z,null,62b70498bb2cab71b5f547da,2022-07-05T02:30:06.264Z,62c39f70ab9a934795fabdf4
0,62c3a245ab9a934795fac759,null,2022-07-05T02:30:29.450Z,null,62b70f69af76674f1911d0a5,2022-07-05T02:30:29.450Z,62c39f70ab9a934795fabdf4
0,62c3a248ab9a934795fac7b8,null,2022-07-05T02:30:32.448Z,62b43ee6bd616f11895a54d4,null,2022-07-05T02:30:32.448Z,62c3a223ab9a934795fac5ae
0,62c3a251ab9a934795fac849,null,2022-07-05T02:30:41.152Z,null,62bfd433f54e5aea4bdf1723,2022-07-05T02:30:41.152Z,62c39f70ab9a934795fabdf4
0,62c3a255ab9a934795fac857,62b70e8daf76674f1911cffc,2022-07-05T02:30:45.649Z,null,null,2022-07-05T02:30:45.649Z,62c39f70ab9a934795fabdf4
0,62c3a258ab9a934795fac873,62b71205ceeabb7eccc42377,2022-07-05T02:30:48.608Z,null,null,2022-07-05T02:30:48.608Z,62c39f70ab9a934795fabdf4
0,62c3a25cab9a934795fac892,62b7063ebb2cab71b5f549a3,2022-07-05T02:30:52.112Z,null,null,2022-07-05T02:30:52.112Z,62c39f70ab9a934795fabdf4
0,62c3a272ab9a934795fac967,null,2022-07-05T02:31:14.548Z,null,62b3e2fbc2becede183e6380,2022-07-05T02:31:14.548Z,62c39f70ab9a934795fabdf4
0,62c3a27fab9a934795faca3c,62b9454d864c574d1acada70,2022-07-05T02:31:27.325Z,null,null,2022-07-05T02:31:27.325Z,62c39f70ab9a934795fabdf4
0,62c3a282ab9a934795faca88,62b71425ceeabb7eccc424c1,2022-07-05T02:31:30.558Z,null,null,2022-07-05T02:31:30.558Z,62c39f70ab9a934795fabdf4
0,62c3a282ab9a934795faca92,62c39ddaab9a934795fab413,2022-07-05T02:31:30.844Z,null,null,2022-07-05T02:31:30.844Z,62c3a223ab9a934795fac5ae
0,62c3a284ab9a934795facae9,null,2022-07-05T02:31:32.762Z,null,62b71480ceeabb7eccc424fa,2022-07-05T02:31:32.762Z,62c39f70ab9a934795fabdf4
0,62c3a285ab9a934795facaff,62c39e98ab9a934795fabd08,2022-07-05T02:31:33.729Z,null,null,2022-07-05T02:31:33.729Z,62c3a223ab9a934795fac5ae
0,62c3a288ab9a934795facb19,62b713fcceeabb7eccc42491,2022-07-05T02:31:36.530Z,null,null,2022-07-05T02:31:36.530Z,62c39f70ab9a934795fabdf4
0,62c3a2a8ab9a934795facba0,null,2022-07-05T02:32:08.157Z,null,62b714e8ceeabb7eccc4256a,2022-07-05T02:32:08.157Z,62c39f70ab9a934795fabdf4
0,62c3a2deab9a934795facc6a,62c39e98ab9a934795fabd08,2022-07-05T02:33:02.903Z,null,null,2022-07-05T02:33:02.903Z,62c39f70ab9a934795fabdf4
0,62c3a2e2ab9a934795facc84,62c39ddaab9a934795fab413,2022-07-05T02:33:06.261Z,null,null,2022-07-05T02:33:06.261Z,62c39f70ab9a934795fabdf4
0,62c3a2e5ab9a934795faccc1,null,2022-07-05T02:33:09.089Z,null,62c39ddaab9a934795fab415,2022-07-05T02:33:09.089Z,62c39f70ab9a934795fabdf4
0,62c3a2ebab9a934795faccf2,null,2022-07-05T02:33:15.690Z,62b43ee6bd616f11895a54d4,null,2022-07-05T02:33:15.690Z,62c39f70ab9a934795fabdf4
0,62c3a480ab9a934795faced9,null,2022-07-05T02:40:00.079Z,62b43ee6bd616f11895a54d4,null,2022-07-05T02:40:00.079Z,62c39bbcab9a934795faa518
0,62c3a4cfab9a934795facfb3,62b704f9bb2cab71b5f54820,2022-07-05T02:41:19.481Z,null,null,2022-07-05T02:41:19.481Z,62c12861f3c8d2611a4296c8
0,62c3a4d5ab9a934795facfcd,62b70498bb2cab71b5f547d8,2022-07-05T02:41:25.181Z,null,null,2022-07-05T02:41:25.181Z,62c12861f3c8d2611a4296c8
0,62c3a4d8ab9a934795fad007,null,2022-07-05T02:41:28.059Z,null,62b70498bb2cab71b5f547da,2022-07-05T02:41:28.059Z,62c12861f3c8d2611a4296c8
0,62c3a4e5ab9a934795fad047,null,2022-07-05T02:41:41.573Z,null,62bfd433f54e5aea4bdf1723,2022-07-05T02:41:41.573Z,62c12861f3c8d2611a4296c8
0,62c3a4edab9a934795fad064,null,2022-07-05T02:41:49.138Z,null,62b70f41af76674f1911d085,2022-07-05T02:41:49.138Z,62c12861f3c8d2611a4296c8
0,62c3a4f1ab9a934795fad095,null,2022-07-05T02:41:53.807Z,null,62b70f69af76674f1911d0a5,2022-07-05T02:41:53.807Z,62c12861f3c8d2611a4296c8
0,62c3a4fcab9a934795fad10c,null,2022-07-05T02:42:04.502Z,null,62b714e8ceeabb7eccc4256a,2022-07-05T02:42:04.502Z,62c12861f3c8d2611a4296c8
0,62c3a4ffab9a934795fad122,62b9454d864c574d1acada70,2022-07-05T02:42:07.629Z,null,null,2022-07-05T02:42:07.629Z,62c12861f3c8d2611a4296c8
0,62c3a502ab9a934795fad13c,62b713fcceeabb7eccc42491,2022-07-05T02:42:10.625Z,null,null,2022-07-05T02:42:10.625Z,62c12861f3c8d2611a4296c8
0,62c3a507ab9a934795fad18a,null,2022-07-05T02:42:15.789Z,null,62b71452ceeabb7eccc424e6,2022-07-05T02:42:15.789Z,62c12861f3c8d2611a4296c8
0,62c3a509ab9a934795fad190,62b71425ceeabb7eccc424c1,2022-07-05T02:42:17.646Z,null,null,2022-07-05T02:42:17.646Z,62c12861f3c8d2611a4296c8
0,62c3a510ab9a934795fad1aa,62b4271390f86a98f300b369,2022-07-05T02:42:24.190Z,null,null,2022-07-05T02:42:24.190Z,62c12861f3c8d2611a4296c8
0,62c3a513ab9a934795fad1c4,62b4250090f86a98f300b35f,2022-07-05T02:42:27.318Z,null,null,2022-07-05T02:42:27.318Z,62c12861f3c8d2611a4296c8
0,62c3a518ab9a934795fad202,null,2022-07-05T02:42:32.742Z,null,62b4250090f86a98f300b361,2022-07-05T02:42:32.742Z,62c12861f3c8d2611a4296c8
0,62c3a584ab9a934795fad43c,null,2022-07-05T02:44:20.325Z,null,62b3e2fbc2becede183e6380,2022-07-05T02:44:20.325Z,62c12861f3c8d2611a4296c8
0,62c3a594ab9a934795fad59d,null,2022-07-05T02:44:36.211Z,null,62b713fcceeabb7eccc42493,2022-07-05T02:44:36.211Z,62c12861f3c8d2611a4296c8
0,62c3a6e3ab9a934795fae45a,62c3a6b4ab9a934795fadec6,2022-07-05T02:50:11.372Z,null,null,2022-07-05T02:50:11.372Z,62b71382ceeabb7eccc42449
0,62c3a6e8ab9a934795fae633,null,2022-07-05T02:50:16.313Z,null,62c3a6b4ab9a934795fadec8,2022-07-05T02:50:16.313Z,62b71382ceeabb7eccc42449
0,62c3a6edab9a934795fae7d7,62c3a67cab9a934795fadb57,2022-07-05T02:50:21.326Z,null,null,2022-07-05T02:50:21.326Z,62b71382ceeabb7eccc42449
0,62c3a709ab9a934795fae856,62c3a5d4ab9a934795fad797,2022-07-05T02:50:49.572Z,null,null,2022-07-05T02:50:49.572Z,62b71382ceeabb7eccc42449
0,62c3a70dab9a934795fae86e,62c3a574ab9a934795fad3c9,2022-07-05T02:50:53.506Z,null,null,2022-07-05T02:50:53.506Z,62b71382ceeabb7eccc42449
0,62c3a713ab9a934795fae907,null,2022-07-05T02:50:59.091Z,null,62c3a607ab9a934795fadab9,2022-07-05T02:50:59.091Z,62b71382ceeabb7eccc42449
0,62c3a75eab9a934795faea0e,62b4271390f86a98f300b369,2022-07-05T02:52:14.123Z,null,null,2022-07-05T02:52:14.123Z,62b71382ceeabb7eccc42449
0,62c3a761ab9a934795faea2d,62b4250090f86a98f300b35f,2022-07-05T02:52:17.589Z,null,null,2022-07-05T02:52:17.589Z,62b71382ceeabb7eccc42449
0,62c3aa47ab9a934795faf361,null,2022-07-05T03:04:39.361Z,null,62c39ddaab9a934795fab415,2022-07-05T03:04:39.361Z,62c3a9bdab9a934795faedef
0,62c3aa4cab9a934795faf387,62b4271390f86a98f300b369,2022-07-05T03:04:44.477Z,null,null,2022-07-05T03:04:44.477Z,62c3a9bdab9a934795faedef
0,62c3ab13ab9a934795faf5f5,null,2022-07-05T03:08:03.329Z,62b43ee6bd616f11895a54d4,null,2022-07-05T03:08:03.329Z,62c3a9bdab9a934795faedef
0,62c3ab21ab9a934795faf652,null,2022-07-05T03:08:17.320Z,null,62b714e8ceeabb7eccc4256a,2022-07-05T03:08:17.320Z,62c3a9bdab9a934795faedef
0,62c3ab2fab9a934795faf68e,62b704f9bb2cab71b5f54820,2022-07-05T03:08:31.234Z,null,null,2022-07-05T03:08:31.234Z,62c3a9bdab9a934795faedef
0,62c3ab32ab9a934795faf6c8,null,2022-07-05T03:08:34.148Z,null,62b704f9bb2cab71b5f54822,2022-07-05T03:08:34.148Z,62c3a9bdab9a934795faedef
0,62c3ab4eab9a934795faf756,null,2022-07-05T03:09:02.304Z,null,62bfd433f54e5aea4bdf1723,2022-07-05T03:09:02.304Z,62c3a9bdab9a934795faedef
0,62c439e399ebab4f61c2d87d,null,2022-07-05T13:17:23.383Z,null,62b4289d90f86a98f300b36e,2022-07-05T13:17:23.383Z,62c4341e99ebab4f61c2d421
0,62c439ef99ebab4f61c2d928,null,2022-07-05T13:17:35.618Z,null,62bfd433f54e5aea4bdf1723,2022-07-05T13:17:35.618Z,62c4341e99ebab4f61c2d421
0,62c43a0999ebab4f61c2d9e3,null,2022-07-05T13:18:01.469Z,null,62b71452ceeabb7eccc424e6,2022-07-05T13:18:01.469Z,62c4341e99ebab4f61c2d421
0,62c43ae699ebab4f61c2da85,62c4383299ebab4f61c2d7a0,2022-07-05T13:21:42.704Z,null,null,2022-07-05T13:21:42.704Z,62c43a9a99ebab4f61c2da0f
0,62c43aea99ebab4f61c2db16,null,2022-07-05T13:21:46.023Z,null,62c4383299ebab4f61c2d7a2,2022-07-05T13:21:46.023Z,62c43a9a99ebab4f61c2da0f
0,62c43aef99ebab4f61c2db2b,62c434b099ebab4f61c2d452,2022-07-05T13:21:51.398Z,null,null,2022-07-05T13:21:51.398Z,62c43a9a99ebab4f61c2da0f
0,62c43af699ebab4f61c2dbba,null,2022-07-05T13:21:58.977Z,null,62c4352d99ebab4f61c2d483,2022-07-05T13:21:58.977Z,62c43a9a99ebab4f61c2da0f
0,62c43afb99ebab4f61c2dc47,null,2022-07-05T13:22:03.160Z,null,62c4378999ebab4f61c2d779,2022-07-05T13:22:03.160Z,62c43a9a99ebab4f61c2da0f
0,62c43eb999ebab4f61c2de9a,null,2022-07-05T13:38:01.903Z,null,62b4271390f86a98f300b36b,2022-07-05T13:38:01.903Z,62c43a9a99ebab4f61c2da0f
0,62c43ebe99ebab4f61c2deac,62b4271390f86a98f300b369,2022-07-05T13:38:06.208Z,null,null,2022-07-05T13:38:06.208Z,62c43a9a99ebab4f61c2da0f
0,62c43ec299ebab4f61c2deca,62b3e7d79c7896406da4bcf9,2022-07-05T13:38:10.125Z,null,null,2022-07-05T13:38:10.125Z,62c43a9a99ebab4f61c2da0f
0,62c43ec699ebab4f61c2df1e,null,2022-07-05T13:38:14.103Z,null,62b4289d90f86a98f300b36e,2022-07-05T13:38:14.103Z,62c43a9a99ebab4f61c2da0f
0,62c43edc99ebab4f61c2dfd9,62b9454d864c574d1acada70,2022-07-05T13:38:36.541Z,null,null,2022-07-05T13:38:36.541Z,62c43a9a99ebab4f61c2da0f
0,62c43f6599ebab4f61c2e1bc,null,2022-07-05T13:40:53.264Z,null,62b70498bb2cab71b5f547da,2022-07-05T13:40:53.264Z,62c43f4099ebab4f61c2e0f5
0,62c43f6f99ebab4f61c2e1eb,62b4271390f86a98f300b369,2022-07-05T13:41:03.830Z,null,null,2022-07-05T13:41:03.830Z,62c43f4099ebab4f61c2e0f5
0,62c43f7199ebab4f61c2e20c,null,2022-07-05T13:41:05.752Z,null,62b4271390f86a98f300b36b,2022-07-05T13:41:05.752Z,62c43f4099ebab4f61c2e0f5
0,62c43f7c99ebab4f61c2e272,null,2022-07-05T13:41:16.284Z,null,62c4383299ebab4f61c2d7a2,2022-07-05T13:41:16.284Z,62c43f4099ebab4f61c2e0f5
0,62c43f8099ebab4f61c2e2b1,null,2022-07-05T13:41:20.775Z,null,62c4378999ebab4f61c2d779,2022-07-05T13:41:20.775Z,62c43f4099ebab4f61c2e0f5
0,62c43f8699ebab4f61c2e308,null,2022-07-05T13:41:26.041Z,null,62c438dd99ebab4f61c2d7d1,2022-07-05T13:41:26.041Z,62c43f4099ebab4f61c2e0f5
0,62c43fb599ebab4f61c2e3c5,null,2022-07-05T13:42:13.195Z,null,62c43dfc99ebab4f61c2ddc2,2022-07-05T13:42:13.195Z,62c43f4099ebab4f61c2e0f5
0,62c43fb899ebab4f61c2e3fb,null,2022-07-05T13:42:16.537Z,null,62c43d9499ebab4f61c2dd98,2022-07-05T13:42:16.537Z,62c43f4099ebab4f61c2e0f5
0,62c43fbe99ebab4f61c2e456,null,2022-07-05T13:42:22.248Z,null,62c43ce799ebab4f61c2dcf2,2022-07-05T13:42:22.248Z,62c43f4099ebab4f61c2e0f5
0,62c43fc299ebab4f61c2e4b6,null,2022-07-05T13:42:26.711Z,null,62c43c2399ebab4f61c2dcc8,2022-07-05T13:42:26.711Z,62c43f4099ebab4f61c2e0f5
0,62c43fd499ebab4f61c2e5c7,null,2022-07-05T13:42:44.569Z,null,62c43ea599ebab4f61c2ddf0,2022-07-05T13:42:44.569Z,62c43f4099ebab4f61c2e0f5
0,62c4426399ebab4f61c2e813,null,2022-07-05T13:53:39.337Z,null,62c4383299ebab4f61c2d7a2,2022-07-05T13:53:39.337Z,62c4422b99ebab4f61c2e7a9
0,62c4426699ebab4f61c2e867,null,2022-07-05T13:53:42.223Z,null,62c4352d99ebab4f61c2d483,2022-07-05T13:53:42.223Z,62c4422b99ebab4f61c2e7a9
0,62c4426999ebab4f61c2e879,62c4383299ebab4f61c2d7a0,2022-07-05T13:53:45.603Z,null,null,2022-07-05T13:53:45.603Z,62c4422b99ebab4f61c2e7a9
0,62c4426d99ebab4f61c2e893,62c434b099ebab4f61c2d452,2022-07-05T13:53:49.566Z,null,null,2022-07-05T13:53:49.566Z,62c4422b99ebab4f61c2e7a9
0,62c4427b99ebab4f61c2e8db,null,2022-07-05T13:54:03.367Z,null,62c43ce799ebab4f61c2dcf2,2022-07-05T13:54:03.367Z,62c4422b99ebab4f61c2e7a9
0,62c4428899ebab4f61c2e951,62c43d2d99ebab4f61c2dd3d,2022-07-05T13:54:16.357Z,null,null,2022-07-05T13:54:16.357Z,62c4422b99ebab4f61c2e7a9
0,62c4428a99ebab4f61c2e968,62c43b5499ebab4f61c2dc99,2022-07-05T13:54:18.946Z,null,null,2022-07-05T13:54:18.946Z,62c4422b99ebab4f61c2e7a9
0,62c442a599ebab4f61c2ea38,null,2022-07-05T13:54:45.599Z,null,62c43dfc99ebab4f61c2ddc2,2022-07-05T13:54:45.599Z,62c4422b99ebab4f61c2e7a9
0,62c4433d99ebab4f61c2ebd7,null,2022-07-05T13:57:17.764Z,null,62c440a099ebab4f61c2e69d,2022-07-05T13:57:17.764Z,62c4422b99ebab4f61c2e7a9
0,62c4434199ebab4f61c2ebe7,62c440cc99ebab4f61c2e6cd,2022-07-05T13:57:21.196Z,null,null,2022-07-05T13:57:21.196Z,62c4422b99ebab4f61c2e7a9
0,62c4434499ebab4f61c2ec49,null,2022-07-05T13:57:24.465Z,null,62c4414c99ebab4f61c2e758,2022-07-05T13:57:24.465Z,62c4422b99ebab4f61c2e7a9
0,62c4434c99ebab4f61c2ed01,null,2022-07-05T13:57:32.710Z,null,62c4404399ebab4f61c2e66f,2022-07-05T13:57:32.710Z,62c4422b99ebab4f61c2e7a9
0,62c443c899ebab4f61c2efb3,null,2022-07-05T13:59:36.295Z,null,62bfd433f54e5aea4bdf1723,2022-07-05T13:59:36.295Z,62c4422b99ebab4f61c2e7a9
0,62c443cf99ebab4f61c2f102,null,2022-07-05T13:59:43.231Z,null,62b71299ceeabb7eccc423e8,2022-07-05T13:59:43.231Z,62c4422b99ebab4f61c2e7a9
0,62c443d399ebab4f61c2f160,62b7063ebb2cab71b5f549a3,2022-07-05T13:59:47.777Z,null,null,2022-07-05T13:59:47.777Z,62c4422b99ebab4f61c2e7a9
0,62c443d799ebab4f61c2f178,62b70e8daf76674f1911cffc,2022-07-05T13:59:51.447Z,null,null,2022-07-05T13:59:51.447Z,62c4422b99ebab4f61c2e7a9
0,62c446f599ebab4f61c2f3a5,null,2022-07-05T14:13:09.987Z,null,62c4383299ebab4f61c2d7a2,2022-07-05T14:13:09.987Z,62b433283c0660c8adc60206
0,62c4470099ebab4f61c2f3e2,62c4383299ebab4f61c2d7a0,2022-07-05T14:13:20.506Z,null,null,2022-07-05T14:13:20.506Z,62b433283c0660c8adc60206
0,62c4470599ebab4f61c2f411,62c434b099ebab4f61c2d452,2022-07-05T14:13:25.837Z,null,null,2022-07-05T14:13:25.837Z,62b433283c0660c8adc60206
0,62c4471599ebab4f61c2f476,null,2022-07-05T14:13:41.209Z,null,62c43ce799ebab4f61c2dcf2,2022-07-05T14:13:41.209Z,62b433283c0660c8adc60206
0,62c4471b99ebab4f61c2f49d,62c43d2d99ebab4f61c2dd3d,2022-07-05T14:13:47.883Z,null,null,2022-07-05T14:13:47.883Z,62b433283c0660c8adc60206
0,62c4471f99ebab4f61c2f4b7,62c43b5499ebab4f61c2dc99,2022-07-05T14:13:51.666Z,null,null,2022-07-05T14:13:51.666Z,62b433283c0660c8adc60206
0,62c4473199ebab4f61c2f570,null,2022-07-05T14:14:09.316Z,null,62c4414c99ebab4f61c2e758,2022-07-05T14:14:09.316Z,62b433283c0660c8adc60206
0,62c4473899ebab4f61c2f593,62c440a099ebab4f61c2e69b,2022-07-05T14:14:16.214Z,null,null,2022-07-05T14:14:16.214Z,62b433283c0660c8adc60206
0,62c4473d99ebab4f61c2f5a9,62c4404399ebab4f61c2e66d,2022-07-05T14:14:21.453Z,null,null,2022-07-05T14:14:21.453Z,62b433283c0660c8adc60206
0,62c4474099ebab4f61c2f5bd,62c440cc99ebab4f61c2e6cd,2022-07-05T14:14:24.522Z,null,null,2022-07-05T14:14:24.522Z,62b433283c0660c8adc60206
0,62c4474699ebab4f61c2f5e7,null,2022-07-05T14:14:30.755Z,null,62c4404399ebab4f61c2e66f,2022-07-05T14:14:30.755Z,62b433283c0660c8adc60206
0,62c4474c99ebab4f61c2f63a,null,2022-07-05T14:14:36.199Z,null,62c440a099ebab4f61c2e69d,2022-07-05T14:14:36.199Z,62b433283c0660c8adc60206
0,62c4475c99ebab4f61c2f704,null,2022-07-05T14:14:52.256Z,null,62c445f199ebab4f61c2f2cc,2022-07-05T14:14:52.256Z,62b433283c0660c8adc60206
0,62c4476199ebab4f61c2f753,null,2022-07-05T14:14:57.239Z,null,62c4452899ebab4f61c2f285,2022-07-05T14:14:57.239Z,62b433283c0660c8adc60206
0,62c4476799ebab4f61c2f77a,62c444ec99ebab4f61c2f25f,2022-07-05T14:15:03.699Z,null,null,2022-07-05T14:15:03.699Z,62b433283c0660c8adc60206
0,62c4476999ebab4f61c2f7b8,null,2022-07-05T14:15:05.303Z,null,62c444ec99ebab4f61c2f261,2022-07-05T14:15:05.303Z,62b433283c0660c8adc60206
0,62c447b599ebab4f61c2f8d7,null,2022-07-05T14:16:21.628Z,null,62c4383299ebab4f61c2d7a2,2022-07-05T14:16:21.628Z,62b71382ceeabb7eccc42449
0,62c447b999ebab4f61c2f916,null,2022-07-05T14:16:25.314Z,null,62c4352d99ebab4f61c2d483,2022-07-05T14:16:25.314Z,62b71382ceeabb7eccc42449
0,62c447be99ebab4f61c2f93d,62c4383299ebab4f61c2d7a0,2022-07-05T14:16:30.359Z,null,null,2022-07-05T14:16:30.359Z,62b71382ceeabb7eccc42449
0,62c447c299ebab4f61c2f951,62c434b099ebab4f61c2d452,2022-07-05T14:16:34.772Z,null,null,2022-07-05T14:16:34.772Z,62b71382ceeabb7eccc42449
0,62c447d799ebab4f61c2f9c2,null,2022-07-05T14:16:55.553Z,null,62c43ce799ebab4f61c2dcf2,2022-07-05T14:16:55.553Z,62b71382ceeabb7eccc42449
0,62c447df99ebab4f61c2f9f0,null,2022-07-05T14:17:03.127Z,null,62c43dfc99ebab4f61c2ddc2,2022-07-05T14:17:03.127Z,62b71382ceeabb7eccc42449
0,62c447e799ebab4f61c2fa17,62c43d2d99ebab4f61c2dd3d,2022-07-05T14:17:11.536Z,null,null,2022-07-05T14:17:11.536Z,62b71382ceeabb7eccc42449
0,62c447eb99ebab4f61c2fa31,62c43b5499ebab4f61c2dc99,2022-07-05T14:17:15.111Z,null,null,2022-07-05T14:17:15.111Z,62b71382ceeabb7eccc42449
0,62c447fe99ebab4f61c2faf3,null,2022-07-05T14:17:34.422Z,null,62c4404399ebab4f61c2e66f,2022-07-05T14:17:34.422Z,62b71382ceeabb7eccc42449
0,62c4480499ebab4f61c2fb3c,null,2022-07-05T14:17:40.594Z,null,62c440a099ebab4f61c2e69d,2022-07-05T14:17:40.594Z,62b71382ceeabb7eccc42449
0,62c4480e99ebab4f61c2fbef,null,2022-07-05T14:17:50.703Z,null,62c4414c99ebab4f61c2e758,2022-07-05T14:17:50.703Z,62b71382ceeabb7eccc42449
0,62c4481399ebab4f61c2fc05,62c440a099ebab4f61c2e69b,2022-07-05T14:17:55.131Z,null,null,2022-07-05T14:17:55.131Z,62b71382ceeabb7eccc42449
0,62c4481799ebab4f61c2fc1f,62c440cc99ebab4f61c2e6cd,2022-07-05T14:17:59.819Z,null,null,2022-07-05T14:17:59.819Z,62b71382ceeabb7eccc42449
0,62c4481c99ebab4f61c2fc39,62c4404399ebab4f61c2e66d,2022-07-05T14:18:04.272Z,null,null,2022-07-05T14:18:04.272Z,62b71382ceeabb7eccc42449
0,62c4482b99ebab4f61c2fcf5,null,2022-07-05T14:18:19.698Z,null,62c444ec99ebab4f61c2f261,2022-07-05T14:18:19.698Z,62b71382ceeabb7eccc42449
0,62c4482f99ebab4f61c2fd48,null,2022-07-05T14:18:23.292Z,null,62c4452899ebab4f61c2f285,2022-07-05T14:18:23.292Z,62b71382ceeabb7eccc42449
0,62c4483299ebab4f61c2fd7e,null,2022-07-05T14:18:26.806Z,null,62c445f199ebab4f61c2f2cc,2022-07-05T14:18:26.806Z,62b71382ceeabb7eccc42449
0,62c4483d99ebab4f61c2fd9d,62c444ec99ebab4f61c2f25f,2022-07-05T14:18:37.670Z,null,null,2022-07-05T14:18:37.670Z,62b71382ceeabb7eccc42449
0,62c4484299ebab4f61c2fdb7,62c4452899ebab4f61c2f283,2022-07-05T14:18:42.032Z,null,null,2022-07-05T14:18:42.032Z,62b71382ceeabb7eccc42449
0,62c4485499ebab4f61c2fec8,null,2022-07-05T14:19:00.332Z,null,62c4430599ebab4f61c2eaae,2022-07-05T14:19:00.332Z,62b71382ceeabb7eccc42449
0,62c4488799ebab4f61c2ffa1,null,2022-07-05T14:19:51.621Z,null,62c4383299ebab4f61c2d7a2,2022-07-05T14:19:51.621Z,62b70373bb2cab71b5f54763
0,62c4489699ebab4f61c30006,null,2022-07-05T14:20:06.467Z,null,62c43ce799ebab4f61c2dcf2,2022-07-05T14:20:06.467Z,62b70373bb2cab71b5f54763
0,62c4489999ebab4f61c30037,null,2022-07-05T14:20:09.623Z,null,62c43dfc99ebab4f61c2ddc2,2022-07-05T14:20:09.623Z,62b70373bb2cab71b5f54763
0,62c448a999ebab4f61c3010e,null,2022-07-05T14:20:25.596Z,null,62c4430599ebab4f61c2eaae,2022-07-05T14:20:25.596Z,62b70373bb2cab71b5f54763
0,62c448ac99ebab4f61c30123,62c4430599ebab4f61c2eaac,2022-07-05T14:20:28.715Z,null,null,2022-07-05T14:20:28.715Z,62b70373bb2cab71b5f54763
0,62c448c099ebab4f61c3020e,null,2022-07-05T14:20:48.581Z,null,62c440a099ebab4f61c2e69d,2022-07-05T14:20:48.581Z,62b70373bb2cab71b5f54763
0,62c448cb99ebab4f61c302b1,null,2022-07-05T14:20:59.595Z,null,62c4404399ebab4f61c2e66f,2022-07-05T14:20:59.595Z,62b70373bb2cab71b5f54763
0,62c448d099ebab4f61c30307,null,2022-07-05T14:21:04.525Z,null,62c4414c99ebab4f61c2e758,2022-07-05T14:21:04.525Z,62b70373bb2cab71b5f54763
0,62c4494599ebab4f61c30536,62c4383299ebab4f61c2d7a0,2022-07-05T14:23:01.345Z,null,null,2022-07-05T14:23:01.345Z,62c39f70ab9a934795fabdf4
0,62c4494999ebab4f61c3054e,62c434b099ebab4f61c2d452,2022-07-05T14:23:05.033Z,null,null,2022-07-05T14:23:05.033Z,62c39f70ab9a934795fabdf4
0,62c4494d99ebab4f61c3058e,null,2022-07-05T14:23:09.371Z,null,62c4378999ebab4f61c2d779,2022-07-05T14:23:09.371Z,62c39f70ab9a934795fabdf4
0,62c4495199ebab4f61c305bf,null,2022-07-05T14:23:13.060Z,null,62c4383299ebab4f61c2d7a2,2022-07-05T14:23:13.060Z,62c39f70ab9a934795fabdf4
0,62c4495b99ebab4f61c30610,null,2022-07-05T14:23:23.038Z,null,62c43ce799ebab4f61c2dcf2,2022-07-05T14:23:23.038Z,62c39f70ab9a934795fabdf4
0,62c4495f99ebab4f61c30656,null,2022-07-05T14:23:27.670Z,null,62c43d9499ebab4f61c2dd98,2022-07-05T14:23:27.670Z,62c39f70ab9a934795fabdf4
0,62c4496f99ebab4f61c30702,62c440a099ebab4f61c2e69b,2022-07-05T14:23:43.175Z,null,null,2022-07-05T14:23:43.175Z,62c39f70ab9a934795fabdf4
0,62c4497199ebab4f61c30740,null,2022-07-05T14:23:45.885Z,null,62c440a099ebab4f61c2e69d,2022-07-05T14:23:45.885Z,62c39f70ab9a934795fabdf4
0,62c4497f99ebab4f61c30819,null,2022-07-05T14:23:59.423Z,null,62c4430599ebab4f61c2eaae,2022-07-05T14:23:59.423Z,62c39f70ab9a934795fabdf4
0,62c4498599ebab4f61c30870,null,2022-07-05T14:24:05.057Z,null,62c443b599ebab4f61c2ef1a,2022-07-05T14:24:05.057Z,62c39f70ab9a934795fabdf4
0,62c4498899ebab4f61c308bb,null,2022-07-05T14:24:08.316Z,null,62c4438799ebab4f61c2ee9c,2022-07-05T14:24:08.316Z,62c39f70ab9a934795fabdf4
0,62c4498a99ebab4f61c308c7,62c4430599ebab4f61c2eaac,2022-07-05T14:24:10.394Z,null,null,2022-07-05T14:24:10.394Z,62c39f70ab9a934795fabdf4
0,62c449de99ebab4f61c309dd,null,2022-07-05T14:25:34.663Z,null,62c4404399ebab4f61c2e66f,2022-07-05T14:25:34.663Z,62c39bbcab9a934795faa518
0,62c449ee99ebab4f61c30abf,null,2022-07-05T14:25:50.974Z,null,62c4430599ebab4f61c2eaae,2022-07-05T14:25:50.974Z,62c39bbcab9a934795faa518
0,62c449f699ebab4f61c30b1c,62c4430599ebab4f61c2eaac,2022-07-05T14:25:58.216Z,null,null,2022-07-05T14:25:58.216Z,62c39bbcab9a934795faa518
0,62c44a0d99ebab4f61c30c41,62c444ec99ebab4f61c2f25f,2022-07-05T14:26:21.161Z,null,null,2022-07-05T14:26:21.161Z,62c39bbcab9a934795faa518
0,62c44a1399ebab4f61c30c53,null,2022-07-05T14:26:27.130Z,null,62c445f199ebab4f61c2f2cc,2022-07-05T14:26:27.130Z,62c39bbcab9a934795faa518
0,62c44a3899ebab4f61c30dd2,null,2022-07-05T14:27:04.238Z,null,62c445f199ebab4f61c2f2cc,2022-07-05T14:27:04.238Z,62c39f70ab9a934795fabdf4
0,62c44a3a99ebab4f61c30e01,62c4452899ebab4f61c2f283,2022-07-05T14:27:06.725Z,null,null,2022-07-05T14:27:06.725Z,62c39f70ab9a934795fabdf4
0,62c44a7a99ebab4f61c30f30,null,2022-07-05T14:28:10.353Z,null,62c4430599ebab4f61c2eaae,2022-07-05T14:28:10.353Z,62c4341e99ebab4f61c2d421
0,62c44a8299ebab4f61c30f94,null,2022-07-05T14:28:18.134Z,null,62c4438799ebab4f61c2ee9c,2022-07-05T14:28:18.134Z,62c4341e99ebab4f61c2d421
0,62c44a8699ebab4f61c30faa,62c4430599ebab4f61c2eaac,2022-07-05T14:28:22.736Z,null,null,2022-07-05T14:28:22.736Z,62c4341e99ebab4f61c2d421
0,62c44a9299ebab4f61c31071,null,2022-07-05T14:28:34.838Z,null,62c4452899ebab4f61c2f285,2022-07-05T14:28:34.838Z,62c4341e99ebab4f61c2d421
0,62c44a9699ebab4f61c31098,62c444ec99ebab4f61c2f25f,2022-07-05T14:28:38.621Z,null,null,2022-07-05T14:28:38.621Z,62c4341e99ebab4f61c2d421
0,62c44af199ebab4f61c3122a,null,2022-07-05T14:30:09.851Z,null,62c445f199ebab4f61c2f2cc,2022-07-05T14:30:09.851Z,62c43a9a99ebab4f61c2da0f
0,62c44b0199ebab4f61c312ed,null,2022-07-05T14:30:25.069Z,null,62c4430599ebab4f61c2eaae,2022-07-05T14:30:25.069Z,62c43a9a99ebab4f61c2da0f
0,62c44b0499ebab4f61c31303,62c4430599ebab4f61c2eaac,2022-07-05T14:30:28.598Z,null,null,2022-07-05T14:30:28.598Z,62c43a9a99ebab4f61c2da0f
0,62c450fc99ebab4f61c31995,null,2022-07-05T14:55:56.868Z,null,62bfd433f54e5aea4bdf1723,2022-07-05T14:55:56.868Z,62b433283c0660c8adc60206
0,62c4543999ebab4f61c31c6f,null,2022-07-05T15:09:45.088Z,62c44b7699ebab4f61c3138f,null,2022-07-05T15:09:45.088Z,62b433283c0660c8adc60206
0,62c4544299ebab4f61c31cbd,null,2022-07-05T15:09:54.561Z,62c44d3499ebab4f61c3149a,null,2022-07-05T15:09:54.561Z,62b433283c0660c8adc60206
0,62c4544499ebab4f61c31ccd,null,2022-07-05T15:09:56.653Z,62c44eb599ebab4f61c31541,null,2022-07-05T15:09:56.653Z,62b433283c0660c8adc60206
0,62c4544899ebab4f61c31ce1,null,2022-07-05T15:10:00.388Z,62c44f8e99ebab4f61c3170f,null,2022-07-05T15:10:00.388Z,62b433283c0660c8adc60206
0,62c4544c99ebab4f61c31cf9,null,2022-07-05T15:10:04.352Z,62c4507a99ebab4f61c31780,null,2022-07-05T15:10:04.352Z,62b433283c0660c8adc60206