__v,_id,createdAt,song,updatedAt,user
0,62b42caa90f86a98f300b3c3,2022-06-23T09:04:42.946Z,62b42a5c90f86a98f300b37a,2022-06-23T09:04:42.946Z,62b3e7bc9c7896406da4bcf5
0,62b42df6169c51350a65954d,2022-06-23T09:10:14.764Z,62b42a5c90f86a98f300b37a,2022-06-23T09:10:14.764Z,62b3e7bc9c7896406da4bcf5
0,62b42e18169c51350a6595a2,2022-06-23T09:10:48.106Z,62b42ae390f86a98f300b37d,2022-06-23T09:10:48.106Z,62b3e7bc9c7896406da4bcf5
0,62b42e20169c51350a65961f,2022-06-23T09:10:56.620Z,62b42a5c90f86a98f300b37a,2022-06-23T09:10:56.620Z,62b3e7bc9c7896406da4bcf5
0,62b436e1d5c9c2060a0aac0d,2022-06-23T09:48:17.562Z,62b42ae390f86a98f300b37d,2022-06-23T09:48:17.562Z,62b433283c0660c8adc60206
0,62b436f2d5c9c2060a0aac42,2022-06-23T09:48:34.947Z,62b42a5c90f86a98f300b37a,2022-06-23T09:48:34.947Z,62b433283c0660c8adc60206
0,62b436f6d5c9c2060a0aac6d,2022-06-23T09:48:38.579Z,62b429bf90f86a98f300b377,2022-06-23T09:48:38.579Z,62b433283c0660c8adc60206
0,62b436f9d5c9c2060a0aacb2,2022-06-23T09:48:41.244Z,62b4294b90f86a98f300b374,2022-06-23T09:48:41.244Z,62b433283c0660c8adc60206
0,62b436fdd5c9c2060a0aace8,2022-06-23T09:48:45.372Z,62b428ec90f86a98f300b371,2022-06-23T09:48:45.372Z,62b433283c0660c8adc60206
0,62b43700d5c9c2060a0aad1e,2022-06-23T09:48:48.205Z,62b4289d90f86a98f300b36e,2022-06-23T09:48:48.205Z,62b433283c0660c8adc60206
0,62b43703d5c9c2060a0aad49,2022-06-23T09:48:51.269Z,62b42ae390f86a98f300b37d,2022-06-23T09:48:51.269Z,62b433283c0660c8adc60206
0,62b438c4608e1e1f03d3e7c3,2022-06-23T09:56:20.402Z,62b4271390f86a98f300b36b,2022-06-23T09:56:20.402Z,62b433283c0660c8adc60206
0,62b443a3f9f8f395aebe0a33,2022-06-23T10:42:43.963Z,62b42ae390f86a98f300b37d,2022-06-23T10:42:43.963Z,62b433283c0660c8adc60206
0,62b6b03650d5142aff79f9ee,2022-06-25T06:50:30.289Z,62b4289d90f86a98f300b36e,2022-06-25T06:50:30.289Z,62b433283c0660c8adc60206
0,62b6b03650d5142aff79fa00,2022-06-25T06:50:30.325Z,62b428ec90f86a98f300b371,2022-06-25T06:50:30.325Z,62b433283c0660c8adc60206
0,62b6b04550d5142aff79fa2e,2022-06-25T06:50:45.554Z,62b4294b90f86a98f300b374,2022-06-25T06:50:45.554Z,62b433283c0660c8adc60206
0,62b6b0af50d5142aff79fafc,2022-06-25T06:52:31.513Z,62b4250090f86a98f300b361,2022-06-25T06:52:31.513Z,62b433283c0660c8adc60206
0,62b70541bb2cab71b5f54860,2022-06-25T12:53:21.925Z,62b704f9bb2cab71b5f54822,2022-06-25T12:53:21.925Z,62b70373bb2cab71b5f54763
0,62bedff46a514d7d5776e753,2022-07-01T11:52:20.534Z,62b3f260de0e2a961e6815fb,2022-07-01T11:52:20.534Z,62b71382ceeabb7eccc42449
0,62bedff46a514d7d5776e760,2022-07-01T11:52:20.558Z,62b3f240de0e2a961e6813f0,2022-07-01T11:52:20.558Z,62b71382ceeabb7eccc42449
0,62bedff86a514d7d5776e79e,2022-07-01T11:52:24.036Z,62b3f260de0e2a961e6815fb,2022-07-01T11:52:24.036Z,62b71382ceeabb7eccc42449
0,62bedffc6a514d7d5776e7d4,2022-07-01T11:52:28.035Z,62b3f240de0e2a961e6813f0,2022-07-01T11:52:28.035Z,62b71382ceeabb7eccc42449
0,62bedffd6a514d7d5776e804,2022-07-01T11:52:29.881Z,62b3f260de0e2a961e6815fb,2022-07-01T11:52:29.881Z,62b71382ceeabb7eccc42449
0,62bee0006a514d7d5776e834,2022-07-01T11:52:32.454Z,62b3f240de0e2a961e6813f0,2022-07-01T11:52:32.454Z,62b71382ceeabb7eccc42449
0,62bee0026a514d7d5776e863,2022-07-01T11:52:34.301Z,62b3f199de0e2a961e6811e5,2022-07-01T11:52:34.301Z,62b71382ceeabb7eccc42449
0,62bee0046a514d7d5776e89a,2022-07-01T11:52:36.740Z,62b3f240de0e2a961e6813f0,2022-07-01T11:52:36.740Z,62b71382ceeabb7eccc42449
0,62bee0056a514d7d5776e8d6,2022-07-01T11:52:37.821Z,62b3f260de0e2a961e6815fb,2022-07-01T11:52:37.821Z,62b71382ceeabb7eccc42449
0,62bee00c6a514d7d5776e902,2022-07-01T11:52:44.041Z,62b3f240de0e2a961e6813f0,2022-07-01T11:52:44.041Z,62b71382ceeabb7eccc42449
0,62bee00d6a514d7d5776e930,2022-07-01T11:52:45.314Z,62b3f260de0e2a961e6815fb,2022-07-01T11:52:45.314Z,62b71382ceeabb7eccc42449
0,62bee0116a514d7d5776e975,2022-07-01T11:52:49.203Z,62b3f240de0e2a961e6813f0,2022-07-01T11:52:49.203Z,62b71382ceeabb7eccc42449
0,62bee0126a514d7d5776e99e,2022-07-01T11:52:50.240Z,62b3f199de0e2a961e6811e5,2022-07-01T11:52:50.240Z,62b71382ceeabb7eccc42449
0,62bee0136a514d7d5776e9ce,2022-07-01T11:52:51.485Z,62b3f0efde0e2a961e680ed8,2022-07-01T11:52:51.485Z,62b71382ceeabb7eccc42449
0,62bee0166a514d7d5776ea04,2022-07-01T11:52:54.323Z,62b3e7f6c2becede183e63e7,2022-07-01T11:52:54.323Z,62b71382ceeabb7eccc42449
0,62bee0176a514d7d5776ea34,2022-07-01T11:52:55.730Z,62b3f260de0e2a961e6815fb,2022-07-01T11:52:55.730Z,62b71382ceeabb7eccc42449
0,62bee0256a514d7d5776ea72,2022-07-01T11:53:09.879Z,62b3e2fbc2becede183e6380,2022-07-01T11:53:09.879Z,62b71382ceeabb7eccc42449
0,62bee02a6a514d7d5776eab3,2022-07-01T11:53:14.050Z,62b3e2fbc2becede183e6380,2022-07-01T11:53:14.050Z,62b71382ceeabb7eccc42449
0,62bee2296a514d7d5776ecc6,2022-07-01T12:01:45.642Z,62b704f9bb2cab71b5f54822,2022-07-01T12:01:45.642Z,62b71382ceeabb7eccc42449
0,62bee2326a514d7d5776ed0c,2022-07-01T12:01:54.689Z,62b4271390f86a98f300b36b,2022-07-01T12:01:54.689Z,62b71382ceeabb7eccc42449
0,62bee23d6a514d7d5776ed58,2022-07-01T12:02:05.437Z,62b70498bb2cab71b5f547da,2022-07-01T12:02:05.437Z,62b71382ceeabb7eccc42449
0,62bee26e6a514d7d5776edf8,2022-07-01T12:02:54.378Z,62b4289d90f86a98f300b36e,2022-07-01T12:02:54.378Z,62b71382ceeabb7eccc42449
0,62bee2746a514d7d5776ee57,2022-07-01T12:03:00.717Z,62b4294b90f86a98f300b374,2022-07-01T12:03:00.717Z,62b71382ceeabb7eccc42449
0,62bee2766a514d7d5776ee8e,2022-07-01T12:03:02.260Z,62b429bf90f86a98f300b377,2022-07-01T12:03:02.260Z,62b71382ceeabb7eccc42449
0,62bee2776a514d7d5776eeac,2022-07-01T12:03:03.818Z,62b42a5c90f86a98f300b37a,2022-07-01T12:03:03.818Z,62b71382ceeabb7eccc42449
0,62bee27b6a514d7d5776eefa,2022-07-01T12:03:07.135Z,62b42ae390f86a98f300b37d,2022-07-01T12:03:07.135Z,62b71382ceeabb7eccc42449
0,62bee27e6a514d7d5776ef15,2022-07-01T12:03:10.091Z,62b4271390f86a98f300b36b,2022-07-01T12:03:10.091Z,62b71382ceeabb7eccc42449
0,62bee27e6a514d7d5776ef3d,2022-07-01T12:03:10.227Z,62b42ae390f86a98f300b37d,2022-07-01T12:03:10.227Z,62b71382ceeabb7eccc42449
0,62bee2816a514d7d5776ef69,2022-07-01T12:03:13.306Z,62b428ec90f86a98f300b371,2022-07-01T12:03:13.306Z,62b71382ceeabb7eccc42449
0,62bee28f6a514d7d5776efa7,2022-07-01T12:03:27.439Z,62b704c0bb2cab71b5f547fe,2022-07-01T12:03:27.439Z,62b71382ceeabb7eccc42449
0,62bee2e06a514d7d5776f047,2022-07-01T12:04:48.599Z,62b70f69af76674f1911d0a5,2022-07-01T12:04:48.599Z,62b71382ceeabb7eccc42449
0,62bee2e96a514d7d5776f07f,2022-07-01T12:04:57.273Z,62b70f41af76674f1911d085,2022-07-01T12:04:57.273Z,62b71382ceeabb7eccc42449
0,62bee2f16a514d7d5776f109,2022-07-01T12:05:05.839Z,62b70f1baf76674f1911d065,2022-07-01T12:05:05.839Z,62b71382ceeabb7eccc42449
0,62bee2fe6a514d7d5776f14d,2022-07-01T12:05:18.088Z,62b707e5bb2cab71b5f54a52,2022-07-01T12:05:18.088Z,62b71382ceeabb7eccc42449
0,62bee30c6a514d7d5776f184,2022-07-01T12:05:32.855Z,62b706eebb2cab71b5f54a03,2022-07-01T12:05:32.855Z,62b71382ceeabb7eccc42449
0,62bee3186a514d7d5776f1a9,2022-07-01T12:05:44.900Z,62b707e5bb2cab71b5f54a52,2022-07-01T12:05:44.900Z,62b71382ceeabb7eccc42449
0,62bee31a6a514d7d5776f1d5,2022-07-01T12:05:46.347Z,62b70dacb2d47f72bb623220,2022-07-01T12:05:46.347Z,62b71382ceeabb7eccc42449
0,62bee3386a514d7d5776f225,2022-07-01T12:06:16.563Z,62b712d7ceeabb7eccc42420,2022-07-01T12:06:16.563Z,62b71382ceeabb7eccc42449
0,62bee3386a514d7d5776f237,2022-07-01T12:06:16.803Z,62b71299ceeabb7eccc423e8,2022-07-01T12:06:16.803Z,62b71382ceeabb7eccc42449
0,62bee33b6a514d7d5776f278,2022-07-01T12:06:19.358Z,62b7126fceeabb7eccc423c8,2022-07-01T12:06:19.358Z,62b71382ceeabb7eccc42449
0,62bee3406a514d7d5776f2a0,2022-07-01T12:06:24.647Z,62b7124aceeabb7eccc423a8,2022-07-01T12:06:24.647Z,62b71382ceeabb7eccc42449
0,62bee3606a514d7d5776f38e,2022-07-01T12:06:56.464Z,62b7126fceeabb7eccc423c8,2022-07-01T12:06:56.464Z,62b71382ceeabb7eccc42449
0,62bee3626a514d7d5776f3e5,2022-07-01T12:06:58.249Z,62b7124aceeabb7eccc423a8,2022-07-01T12:06:58.249Z,62b71382ceeabb7eccc42449
0,62bee3b16a514d7d5776f526,2022-07-01T12:08:17.727Z,62b70e33b2d47f72bb62323f,2022-07-01T12:08:17.727Z,62b71382ceeabb7eccc42449
0,62bee3c56a514d7d5776f562,2022-07-01T12:08:37.392Z,62b707e5bb2cab71b5f54a52,2022-07-01T12:08:37.392Z,62b71382ceeabb7eccc42449
0,62bee3ca6a514d7d5776f580,2022-07-01T12:08:42.166Z,62b70dacb2d47f72bb623220,2022-07-01T12:08:42.166Z,62b71382ceeabb7eccc42449
0,62bee3e86a514d7d5776f60f,2022-07-01T12:09:12.266Z,62b4250090f86a98f300b361,2022-07-01T12:09:12.266Z,62b71382ceeabb7eccc42449
0,62bee5936a514d7d5776f72f,2022-07-01T12:16:19.036Z,62b4271390f86a98f300b36b,2022-07-01T12:16:19.036Z,62bee5746a514d7d5776f6e8
0,62bee5a46a514d7d5776f773,2022-07-01T12:16:36.369Z,62b4289d90f86a98f300b36e,2022-07-01T12:16:36.369Z,62bee5746a514d7d5776f6e8
0,62bee5ac6a514d7d5776f819,2022-07-01T12:16:44.565Z,62b428ec90f86a98f300b371,2022-07-01T12:16:44.565Z,62bee5746a514d7d5776f6e8
0,62bee5b16a514d7d5776f87a,2022-07-01T12:16:49.307Z,62b42ae390f86a98f300b37d,2022-07-01T12:16:49.307Z,62bee5746a514d7d5776f6e8
0,62bee5b56a514d7d5776f8b9,2022-07-01T12:16:53.192Z,62b42a5c90f86a98f300b37a,2022-07-01T12:16:53.192Z,62bee5746a514d7d5776f6e8
0,62bee5bb6a514d7d5776f8e8,2022-07-01T12:16:59.661Z,62b70498bb2cab71b5f547da,2022-07-01T12:16:59.661Z,62bee5746a514d7d5776f6e8
0,62bee5bf6a514d7d5776f929,2022-07-01T12:17:03.799Z,62b704c0bb2cab71b5f547fe,2022-07-01T12:17:03.799Z,62bee5746a514d7d5776f6e8
0,62bee5da6a514d7d5776f98b,2022-07-01T12:17:30.215Z,62b704f9bb2cab71b5f54822,2022-07-01T12:17:30.215Z,62bee5746a514d7d5776f6e8
0,62bee6036a514d7d5776fa0d,2022-07-01T12:18:11.056Z,62b70f69af76674f1911d0a5,2022-07-01T12:18:11.056Z,62bee5746a514d7d5776f6e8
0,62bee6096a514d7d5776fa3c,2022-07-01T12:18:17.275Z,62b70f41af76674f1911d085,2022-07-01T12:18:17.275Z,62bee5746a514d7d5776f6e8
0,62bee6106a514d7d5776fa9d,2022-07-01T12:18:24.367Z,62b70f1baf76674f1911d065,2022-07-01T12:18:24.367Z,62bee5746a514d7d5776f6e8
0,62bee6116a514d7d5776fac7,2022-07-01T12:18:25.543Z,62b70dacb2d47f72bb623220,2022-07-01T12:18:25.543Z,62bee5746a514d7d5776f6e8
0,62bee6596a514d7d5776fb74,2022-07-01T12:19:37.617Z,62b3e2fbc2becede183e6380,2022-07-01T12:19:37.617Z,62bee5746a514d7d5776f6e8
0,62bee65a6a514d7d5776fb9b,2022-07-01T12:19:38.257Z,62b3f0efde0e2a961e680ed8,2022-07-01T12:19:38.257Z,62bee5746a514d7d5776f6e8
0,62bee6676a514d7d5776fbe7,2022-07-01T12:19:51.891Z,62b3e2fbc2becede183e6380,2022-07-01T12:19:51.891Z,62bee5746a514d7d5776f6e8
0,62bee6906a514d7d5776fcea,2022-07-01T12:20:32.286Z,62b713fcceeabb7eccc42493,2022-07-01T12:20:32.286Z,62bee5746a514d7d5776f6e8
0,62bee69d6a514d7d5776fd32,2022-07-01T12:20:45.145Z,62b71480ceeabb7eccc424fa,2022-07-01T12:20:45.145Z,62bee5746a514d7d5776f6e8
0,62bee6a96a514d7d5776fd46,2022-07-01T12:20:57.791Z,62b714e8ceeabb7eccc4256a,2022-07-01T12:20:57.791Z,62bee5746a514d7d5776f6e8
0,62bee7456a514d7d5776fdbd,2022-07-01T12:23:33.039Z,62b4289d90f86a98f300b36e,2022-07-01T12:23:33.039Z,62b433283c0660c8adc60206
0,62bee7456a514d7d5776fdc2,2022-07-01T12:23:33.248Z,62b42a5c90f86a98f300b37a,2022-07-01T12:23:33.248Z,62b433283c0660c8adc60206
0,62bee7486a514d7d5776fdf0,2022-07-01T12:23:36.189Z,62b4289d90f86a98f300b36e,2022-07-01T12:23:36.189Z,62b433283c0660c8adc60206
0,62bee74b6a514d7d5776fe2a,2022-07-01T12:23:39.127Z,62b42a5c90f86a98f300b37a,2022-07-01T12:23:39.127Z,62b433283c0660c8adc60206
0,62bee74e6a514d7d5776fe64,2022-07-01T12:23:42.049Z,62b42ae390f86a98f300b37d,2022-07-01T12:23:42.049Z,62b433283c0660c8adc60206
0,62bee7546a514d7d5776fec2,2022-07-01T12:23:48.715Z,62b70498bb2cab71b5f547da,2022-07-01T12:23:48.715Z,62b433283c0660c8adc60206
0,62bee75b6a514d7d5776ff05,2022-07-01T12:23:55.535Z,62b704c0bb2cab71b5f547fe,2022-07-01T12:23:55.535Z,62b433283c0660c8adc60206
0,62bee75d6a514d7d5776ff53,2022-07-01T12:23:57.576Z,62b704f9bb2cab71b5f54822,2022-07-01T12:23:57.576Z,62b433283c0660c8adc60206
0,62bee77b6a514d7d5776ffe4,2022-07-01T12:24:27.083Z,62b70f69af76674f1911d0a5,2022-07-01T12:24:27.083Z,62b433283c0660c8adc60206
0,62bee7836a514d7d57770073,2022-07-01T12:24:35.566Z,62b70f41af76674f1911d085,2022-07-01T12:24:35.566Z,62b433283c0660c8adc60206
0,62bee7856a514d7d5777009c,2022-07-01T12:24:37.741Z,62b70dacb2d47f72bb623220,2022-07-01T12:24:37.741Z,62b433283c0660c8adc60206
0,62bee79d6a514d7d57770147,2022-07-01T12:25:01.149Z,62b714e8ceeabb7eccc4256a,2022-07-01T12:25:01.149Z,62b433283c0660c8adc60206
0,62bee7a16a514d7d5777017a,2022-07-01T12:25:05.444Z,62b71480ceeabb7eccc424fa,2022-07-01T12:25:05.444Z,62b433283c0660c8adc60206
0,62bee7a16a514d7d577701a3,2022-07-01T12:25:05.895Z,62b714e8ceeabb7eccc4256a,2022-07-01T12:25:05.895Z,62b433283c0660c8adc60206
0,62bee7a36a514d7d577701ce,2022-07-01T12:25:07.358Z,62b71480ceeabb7eccc424fa,2022-07-01T12:25:07.358Z,62b433283c0660c8adc60206
0,62bee7a36a514d7d577701f7,2022-07-01T12:25:07.803Z,62b713fcceeabb7eccc42493,2022-07-01T12:25:07.803Z,62b433283c0660c8adc60206
0,62bee7ae6a514d7d57770238,2022-07-01T12:25:18.245Z,62b3e2fbc2becede183e6380,2022-07-01T12:25:18.245Z,62b433283c0660c8adc60206
0,62bee8fc6a514d7d57770381,2022-07-01T12:30:52.220Z,62b4289d90f86a98f300b36e,2022-07-01T12:30:52.220Z,62b70373bb2cab71b5f54763
0,62bee90c6a514d7d577703af,2022-07-01T12:31:08.132Z,62b42ae390f86a98f300b37d,2022-07-01T12:31:08.132Z,62b70373bb2cab71b5f54763
0,62bee9116a514d7d577703dd,2022-07-01T12:31:13.795Z,62b4271390f86a98f300b36b,2022-07-01T12:31:13.795Z,62b70373bb2cab71b5f54763
0,62bee9246a514d7d57770466,2022-07-01T12:31:32.332Z,62b70f41af76674f1911d085,2022-07-01T12:31:32.332Z,62b70373bb2cab71b5f54763
0,62bee9276a514d7d57770497,2022-07-01T12:31:35.378Z,62b706eebb2cab71b5f54a03,2022-07-01T12:31:35.378Z,62b70373bb2cab71b5f54763
0,62bee9286a514d7d577704b0,2022-07-01T12:31:36.594Z,62b707e5bb2cab71b5f54a52,2022-07-01T12:31:36.594Z,62b70373bb2cab71b5f54763
0,62bee9376a514d7d57770506,2022-07-01T12:31:51.303Z,62b3e2fbc2becede183e6380,2022-07-01T12:31:51.303Z,62b70373bb2cab71b5f54763
0,62bee9376a514d7d5777051c,2022-07-01T12:31:51.526Z,62b3f0efde0e2a961e680ed8,2022-07-01T12:31:51.526Z,62b70373bb2cab71b5f54763
0,62bee93f6a514d7d5777055f,2022-07-01T12:31:59.851Z,62b714e8ceeabb7eccc4256a,2022-07-01T12:31:59.851Z,62b70373bb2cab71b5f54763
0,62bee9426a514d7d5777057e,2022-07-01T12:32:02.448Z,62b713fcceeabb7eccc42493,2022-07-01T12:32:02.448Z,62b70373bb2cab71b5f54763
0,62bee9446a514d7d577705a8,2022-07-01T12:32:04.207Z,62b713fcceeabb7eccc42493,2022-07-01T12:32:04.207Z,62b70373bb2cab71b5f54763
0,62bee9466a514d7d577705ea,2022-07-01T12:32:06.278Z,62b714e8ceeabb7eccc4256a,2022-07-01T12:32:06.278Z,62b70373bb2cab71b5f54763
0,62bee9476a514d7d57770604,2022-07-01T12:32:07.028Z,62b71480ceeabb7eccc424fa,2022-07-01T12:32:07.028Z,62b70373bb2cab71b5f54763
0,62bee94d6a514d7d57770645,2022-07-01T12:32:13.065Z,62b714e8ceeabb7eccc4256a,2022-07-01T12:32:13.065Z,62b70373bb2cab71b5f54763
0,62bee9526a514d7d5777067b,2022-07-01T12:32:18.292Z,62b714e8ceeabb7eccc4256a,2022-07-01T12:32:18.292Z,62b70373bb2cab71b5f54763
0,62bfc85b93ebf276220295b1,2022-07-02T04:23:55.033Z,62b4289d90f86a98f300b36e,2022-07-02T04:23:55.033Z,62b705dbbb2cab71b5f54973
0,62bfc85b93ebf276220295d7,2022-07-02T04:23:55.440Z,62b42ae390f86a98f300b37d,2022-07-02T04:23:55.440Z,62b705dbbb2cab71b5f54973
0,62bfc85e93ebf276220295ec,2022-07-02T04:23:58.865Z,62b4289d90f86a98f300b36e,2022-07-02T04:23:58.865Z,62b705dbbb2cab71b5f54973
0,62bfc87a93ebf27622029689,2022-07-02T04:24:26.909Z,62b714e8ceeabb7eccc4256a,2022-07-02T04:24:26.909Z,62b705dbbb2cab71b5f54973
0,62bfc8ca93ebf27622029701,2022-07-02T04:25:46.914Z,62b3e2fbc2becede183e6380,2022-07-02T04:25:46.914Z,62b705dbbb2cab71b5f54973
0,62bfc8cb93ebf27622029715,2022-07-02T04:25:47.512Z,62b3f0efde0e2a961e680ed8,2022-07-02T04:25:47.512Z,62b705dbbb2cab71b5f54973
0,62bfc8d493ebf27622029747,2022-07-02T04:25:56.190Z,62b3e2fbc2becede183e6380,2022-07-02T04:25:56.190Z,62b705dbbb2cab71b5f54973
0,62bfc8e893ebf27622029814,2022-07-02T04:26:16.943Z,62b70dacb2d47f72bb623220,2022-07-02T04:26:16.943Z,62b705dbbb2cab71b5f54973
0,62bfc9dc93ebf2762202982b,2022-07-02T04:30:20.028Z,62b70f41af76674f1911d085,2022-07-02T04:30:20.028Z,62b705dbbb2cab71b5f54973
0,62bfc9f593ebf27622029878,2022-07-02T04:30:45.547Z,62b70f69af76674f1911d0a5,2022-07-02T04:30:45.547Z,62b705dbbb2cab71b5f54973
0,62bfc9f993ebf276220298a2,2022-07-02T04:30:49.347Z,62b707e5bb2cab71b5f54a52,2022-07-02T04:30:49.347Z,62b705dbbb2cab71b5f54973
0,62bfcb11013a7e61508ba5c6,2022-07-02T04:35:29.050Z,62b706eebb2cab71b5f54a03,2022-07-02T04:35:29.050Z,62b705dbbb2cab71b5f54973
0,62bfcbdce10050cb8612888d,2022-07-02T04:38:52.423Z,62b70f1baf76674f1911d065,2022-07-02T04:38:52.423Z,62b705dbbb2cab71b5f54973
0,62bfcc2ae10050cb861288e8,2022-07-02T04:40:10.900Z,62b7124aceeabb7eccc423a8,2022-07-02T04:40:10.900Z,62b705dbbb2cab71b5f54973
0,62bfcc34e10050cb86128952,2022-07-02T04:40:20.438Z,62b71299ceeabb7eccc423e8,2022-07-02T04:40:20.438Z,62b705dbbb2cab71b5f54973
0,62bfcff1d5aea56fad8c8e5b,2022-07-02T04:56:17.215Z,62b70ee0af76674f1911d045,2022-07-02T04:56:17.215Z,62b705dbbb2cab71b5f54973
0,62bfd2bd30ebc1646009fb06,2022-07-02T05:08:13.744Z,62b70f90af76674f1911d0b9,2022-07-02T05:08:13.744Z,62b705dbbb2cab71b5f54973
0,62bfd3c0f54e5aea4bdf13a8,2022-07-02T05:12:32.283Z,62b70ee0af76674f1911d045,2022-07-02T05:12:32.283Z,62b705dbbb2cab71b5f54973
0,62bfd3dcf54e5aea4bdf141e,2022-07-02T05:13:00.210Z,62b3f260de0e2a961e6815fb,2022-07-02T05:13:00.210Z,62b705dbbb2cab71b5f54973
0,62bfd3dcf54e5aea4bdf1421,2022-07-02T05:13:00.215Z,62b3f240de0e2a961e6813f0,2022-07-02T05:13:00.215Z,62b705dbbb2cab71b5f54973
0,62bfd421f54e5aea4bdf15f9,2022-07-02T05:14:09.125Z,62b4289d90f86a98f300b36e,2022-07-02T05:14:09.125Z,62b705dbbb2cab71b5f54973
0,62bfd423f54e5aea4bdf165b,2022-07-02T05:14:11.782Z,62b42ae390f86a98f300b37d,2022-07-02T05:14:11.782Z,62b705dbbb2cab71b5f54973
0,62bfd457f54e5aea4bdf18a2,2022-07-02T05:15:03.310Z,62bfd433f54e5aea4bdf1723,2022-07-02T05:15:03.310Z,62b705dbbb2cab71b5f54973
0,62bfd5adf54e5aea4bdf1907,2022-07-02T05:20:45.524Z,62b70f90af76674f1911d0b9,2022-07-02T05:20:45.524Z,62b705dbbb2cab71b5f54973
0,62bfd5b2f54e5aea4bdf1976,2022-07-02T05:20:50.633Z,62bfd433f54e5aea4bdf1723,2022-07-02T05:20:50.633Z,62b705dbbb2cab71b5f54973
0,62c12a39f3c8d2611a429c17,2022-07-03T05:33:45.661Z,62b42ae390f86a98f300b37d,2022-07-03T05:33:45.661Z,62c12861f3c8d2611a4296c8
0,62c12c29f3c8d2611a42a9d5,2022-07-03T05:42:01.178Z,62b4289d90f86a98f300b36e,2022-07-03T05:42:01.178Z,62c12b87f3c8d2611a42a137
0,62c12c29f3c8d2611a42aa2e,2022-07-03T05:42:01.216Z,62b4271390f86a98f300b36b,2022-07-03T05:42:01.216Z,62b3e7bc9c7896406da4bcf5
0,62c12c59f3c8d2611a42b7c3,2022-07-03T05:42:49.381Z,62b42ae390f86a98f300b37d,2022-07-03T05:42:49.381Z,62c12b87f3c8d2611a42a137
0,62c12d05f3c8d2611a42c646,2022-07-03T05:45:41.039Z,62b4289d90f86a98f300b36e,2022-07-03T05:45:41.039Z,62b71382ceeabb7eccc42449
0,62c12d10f3c8d2611a42c707,2022-07-03T05:45:52.359Z,62b4250090f86a98f300b361,2022-07-03T05:45:52.359Z,62c12b87f3c8d2611a42a137
0,62c12d2ff3c8d2611a42cbd2,2022-07-03T05:46:23.901Z,62b4250090f86a98f300b361,2022-07-03T05:46:23.901Z,62c12b87f3c8d2611a42a137
0,62c12d99f3c8d2611a42d2e7,2022-07-03T05:48:09.688Z,62b4250090f86a98f300b361,2022-07-03T05:48:09.688Z,62c12b87f3c8d2611a42a137
0,62c12da6f3c8d2611a42d4d9,2022-07-03T05:48:22.225Z,62b3f260de0e2a961e6815fb,2022-07-03T05:48:22.225Z,62c12b87f3c8d2611a42a137
0,62c1a08bba1fe46379228c25,2022-07-03T13:58:35.615Z,62b4289d90f86a98f300b36e,2022-07-03T13:58:35.615Z,62b71382ceeabb7eccc42449
0,62c1a12fba1fe46379228c85,2022-07-03T14:01:19.341Z,62b42ae390f86a98f300b37d,2022-07-03T14:01:19.341Z,62b71382ceeabb7eccc42449
0,62c1a14eba1fe46379228cc4,2022-07-03T14:01:50.971Z,62b42ae390f86a98f300b37d,2022-07-03T14:01:50.971Z,62b71382ceeabb7eccc42449
0,62c1a238ba1fe46379228d27,2022-07-03T14:05:44.335Z,62b4271390f86a98f300b36b,2022-07-03T14:05:44.335Z,62b71382ceeabb7eccc42449
0,62c1a2a4ba1fe46379228d7f,2022-07-03T14:07:32.858Z,62b42a5c90f86a98f300b37a,2022-07-03T14:07:32.858Z,62b71382ceeabb7eccc42449
0,62c1a2a9ba1fe46379228d94,2022-07-03T14:07:37.451Z,62b4271390f86a98f300b36b,2022-07-03T14:07:37.451Z,62b71382ceeabb7eccc42449
0,62c1a2acba1fe46379228da9,2022-07-03T14:07:40.321Z,62b42a5c90f86a98f300b37a,2022-07-03T14:07:40.321Z,62b71382ceeabb7eccc42449
0,62c1a70b079aa85f7fd42200,2022-07-03T14:26:19.102Z,62b4289d90f86a98f300b36e,2022-07-03T14:26:19.102Z,62b71382ceeabb7eccc42449
0,62c1a70c079aa85f7fd4224d,2022-07-03T14:26:20.255Z,62b4289d90f86a98f300b36e,2022-07-03T14:26:20.255Z,62b71382ceeabb7eccc42449
0,62c1a7af079aa85f7fd422f5,2022-07-03T14:29:03.680Z,62b42ae390f86a98f300b37d,2022-07-03T14:29:03.680Z,62b71382ceeabb7eccc42449
0,62c1a899079aa85f7fd42494,2022-07-03T14:32:57.012Z,62b4271390f86a98f300b36b,2022-07-03T14:32:57.012Z,62b71382ceeabb7eccc42449
0,62c1a970079aa85f7fd424e2,2022-07-03T14:36:32.745Z,62b42a5c90f86a98f300b37a,2022-07-03T14:36:32.745Z,62b71382ceeabb7eccc42449
0,62c1aa18079aa85f7fd425c4,2022-07-03T14:39:20.534Z,62b428ec90f86a98f300b371,2022-07-03T14:39:20.534Z,62b71382ceeabb7eccc42449
0,62c1ab4113398edd229e80e5,2022-07-03T14:44:17.536Z,62b428ec90f86a98f300b371,2022-07-03T14:44:17.536Z,62b71382ceeabb7eccc42449
0,62c1ab4213398edd229e8156,2022-07-03T14:44:18.426Z,62b42a5c90f86a98f300b37a,2022-07-03T14:44:18.426Z,62b71382ceeabb7eccc42449
0,62c1ab4313398edd229e81b7,2022-07-03T14:44:19.161Z,62b4271390f86a98f300b36b,2022-07-03T14:44:19.161Z,62b71382ceeabb7eccc42449
0,62c1ab4613398edd229e81ed,2022-07-03T14:44:22.524Z,62b42a5c90f86a98f300b37a,2022-07-03T14:44:22.524Z,62b71382ceeabb7eccc42449
0,62c1ab4813398edd229e8223,2022-07-03T14:44:24.553Z,62b4271390f86a98f300b36b,2022-07-03T14:44:24.553Z,62b71382ceeabb7eccc42449
0,62c1ab4913398edd229e8269,2022-07-03T14:44:25.615Z,62b42ae390f86a98f300b37d,2022-07-03T14:44:25.615Z,62b71382ceeabb7eccc42449
0,62c1ab4a13398edd229e82d1,2022-07-03T14:44:26.716Z,62b4289d90f86a98f300b36e,2022-07-03T14:44:26.716Z,62b71382ceeabb7eccc42449
0,62c39ae8ab9a934795faa384,2022-07-05T01:59:04.922Z,62b3e2fbc2becede183e6380,2022-07-05T01:59:04.922Z,62c12b87f3c8d2611a42a137
0,62c39afeab9a934795faa3aa,2022-07-05T01:59:26.366Z,62b714e8ceeabb7eccc4256a,2022-07-05T01:59:26.366Z,62c12b87f3c8d2611a42a137
0,62c39bc0ab9a934795faa51c,2022-07-05T02:02:40.982Z,62b713fcceeabb7eccc42493,2022-07-05T02:02:40.982Z,62c12b87f3c8d2611a42a137
0,62c39bedab9a934795faa674,2022-07-05T02:03:25.648Z,62b3e3c9c2becede183e63a1,2022-07-05T02:03:25.648Z,62c39bbcab9a934795faa518
0,62c39bedab9a934795faa68f,2022-07-05T02:03:25.908Z,62b3e3c9c2becede183e63a1,2022-07-05T02:03:25.908Z,62c39bbcab9a934795faa518
0,62c39c7eab9a934795faab4f,2022-07-05T02:05:50.625Z,62b3e2fbc2becede183e6380,2022-07-05T02:05:50.625Z,62c12b87f3c8d2611a42a137
0,62c39ca9ab9a934795faac4d,2022-07-05T02:06:33.559Z,62b3e2fbc2becede183e6380,2022-07-05T02:06:33.559Z,62c12b87f3c8d2611a42a137
0,62c39cd9ab9a934795faae11,2022-07-05T02:07:21.757Z,62b71299ceeabb7eccc423e8,2022-07-05T02:07:21.757Z,62c12b87f3c8d2611a42a137
0,62c39ce3ab9a934795faae69,2022-07-05T02:07:31.446Z,62b70f1baf76674f1911d065,2022-07-05T02:07:31.446Z,62c12b87f3c8d2611a42a137
0,62c39cedab9a934795faaf14,2022-07-05T02:07:41.275Z,62b706eebb2cab71b5f54a03,2022-07-05T02:07:41.275Z,62c12b87f3c8d2611a42a137
0,62c39ceeab9a934795faafdc,2022-07-05T02:07:42.336Z,62b707e5bb2cab71b5f54a52,2022-07-05T02:07:42.336Z,62c12b87f3c8d2611a42a137
0,62c39d00ab9a934795fab055,2022-07-05T02:08:00.423Z,62b4289d90f86a98f300b36e,2022-07-05T02:08:00.423Z,62c12b87f3c8d2611a42a137
0,62c39d18ab9a934795fab14d,2022-07-05T02:08:24.993Z,62b42ae390f86a98f300b37d,2022-07-05T02:08:24.993Z,62c12b87f3c8d2611a42a137
0,62c39df5ab9a934795fab4e4,2022-07-05T02:12:05.926Z,62b714e8ceeabb7eccc4256a,2022-07-05T02:12:05.926Z,62c12b87f3c8d2611a42a137
0,62c39e2aab9a934795fab6c2,2022-07-05T02:12:58.443Z,62b3e2fbc2becede183e6380,2022-07-05T02:12:58.443Z,62c12b87f3c8d2611a42a137
0,62c39e77ab9a934795fab91c,2022-07-05T02:14:15.840Z,62b3e2fbc2becede183e6380,2022-07-05T02:14:15.840Z,62c12b87f3c8d2611a42a137
0,62c39f6aab9a934795fabd91,2022-07-05T02:18:18.679Z,62bfd433f54e5aea4bdf1723,2022-07-05T02:18:18.679Z,62c12b87f3c8d2611a42a137
0,62c39f6bab9a934795fabdaa,2022-07-05T02:18:19.473Z,62bfd433f54e5aea4bdf1723,2022-07-05T02:18:19.473Z,62c12b87f3c8d2611a42a137
0,62c39f6cab9a934795fabdca,2022-07-05T02:18:20.822Z,62b70f90af76674f1911d0b9,2022-07-05T02:18:20.822Z,62c12b87f3c8d2611a42a137
0,62c39f81ab9a934795fabe43,2022-07-05T02:18:41.922Z,62b4289d90f86a98f300b36e,2022-07-05T02:18:41.922Z,62c39f70ab9a934795fabdf4
0,62c3a082ab9a934795fabf57,2022-07-05T02:22:58.123Z,62b429bf90f86a98f300b377,2022-07-05T02:22:58.123Z,62c39f70ab9a934795fabdf4
0,62c3a1e9ab9a934795fac477,2022-07-05T02:28:57.005Z,62b4289d90f86a98f300b36e,2022-07-05T02:28:57.005Z,62c39f70ab9a934795fabdf4
0,62c3a1f9ab9a934795fac496,2022-07-05T02:29:13.754Z,62b42ae390f86a98f300b37d,2022-07-05T02:29:13.754Z,62c39f70ab9a934795fabdf4
0,62c3a212ab9a934795fac520,2022-07-05T02:29:38.750Z,62b42a5c90f86a98f300b37a,2022-07-05T02:29:38.750Z,62c39f70ab9a934795fabdf4
0,62c3a212ab9a934795fac540,2022-07-05T02:29:38.778Z,62b42a5c90f86a98f300b37a,2022-07-05T02:29:38.778Z,62c39f70ab9a934795fabdf4
0,62c3a224ab9a934795fac5b8,2022-07-05T02:29:56.133Z,62b70498bb2cab71b5f547da,2022-07-05T02:29:56.133Z,62c39f70ab9a934795fabdf4
0,62c3a224ab9a934795fac5cb,2022-07-05T02:29:56.286Z,62b704f9bb2cab71b5f54822,2022-07-05T02:29:56.286Z,62c39f70ab9a934795fabdf4
0,62c3a228ab9a934795fac5f3,2022-07-05T02:30:00.972Z,62b70498bb2cab71b5f547da,2022-07-05T02:30:00.972Z,62c39f70ab9a934795fabdf4
0,62c3a230ab9a934795fac623,2022-07-05T02:30:08.449Z,62b704f9bb2cab71b5f54822,2022-07-05T02:30:08.449Z,62c39f70ab9a934795fabdf4
0,62c3a23cab9a934795fac6a6,2022-07-05T02:30:20.980Z,62b70dacb2d47f72bb623220,2022-07-05T02:30:20.980Z,62c39f70ab9a934795fabdf4
0,62c3a23eab9a934795fac6bd,2022-07-05T02:30:22.990Z,62b4289d90f86a98f300b36e,2022-07-05T02:30:22.990Z,62c3a223ab9a934795fac5ae
0,62c3a23fab9a934795fac6e7,2022-07-05T02:30:23.684Z,62b4289d90f86a98f300b36e,2022-07-05T02:30:23.684Z,62c3a223ab9a934795fac5ae
0,62c3a241ab9a934795fac71a,2022-07-05T02:30:25.324Z,62b70f41af76674f1911d085,2022-07-05T02:30:25.324Z,62c39f70ab9a934795fabdf4
0,62c3a242ab9a934795fac742,2022-07-05T02:30:26.530Z,62b70f69af76674f1911d0a5,2022-07-05T02:30:26.530Z,62c39f70ab9a934795fabdf4
0,62c3a246ab9a934795fac765,2022-07-05T02:30:30.737Z,62b707e5bb2cab71b5f54a52,2022-07-05T02:30:30.737Z,62c39f70ab9a934795fabdf4
0,62c3a248ab9a934795fac7a2,2022-07-05T02:30:32.386Z,62b706eebb2cab71b5f54a03,2022-07-05T02:30:32.386Z,62c39f70ab9a934795fabdf4
0,62c3a250ab9a934795fac800,2022-07-05T02:30:40.000Z,62bfd433f54e5aea4bdf1723,2022-07-05T02:30:40.000Z,62c39f70ab9a934795fabdf4
0,62c3a250ab9a934795fac81b,2022-07-05T02:30:40.209Z,62bfd433f54e5aea4bdf1723,2022-07-05T02:30:40.209Z,62c39f70ab9a934795fabdf4
0,62c3a271ab9a934795fac911,2022-07-05T02:31:13.182Z,62b3e2fbc2becede183e6380,2022-07-05T02:31:13.182Z,62c39f70ab9a934795fabdf4
0,62c3a271ab9a934795fac92b,2022-07-05T02:31:13.299Z,62b3e2fbc2becede183e6380,2022-07-05T02:31:13.299Z,62c39f70ab9a934795fabdf4
0,62c3a282ab9a934795faca5d,2022-07-05T02:31:30.106Z,62c39ddaab9a934795fab415,2022-07-05T02:31:30.106Z,62c3a223ab9a934795fac5ae
0,62c3a283ab9a934795facaa7,2022-07-05T02:31:31.740Z,62b71480ceeabb7eccc424fa,2022-07-05T02:31:31.740Z,62c39f70ab9a934795fabdf4
0,62c3a283ab9a934795facace,2022-07-05T02:31:31.881Z,62b71480ceeabb7eccc424fa,2022-07-05T02:31:31.881Z,62c39f70ab9a934795fabdf4
0,62c3a2a6ab9a934795facb72,2022-07-05T02:32:06.933Z,62b714e8ceeabb7eccc4256a,2022-07-05T02:32:06.933Z,62c39f70ab9a934795fabdf4
0,62c3a2bdab9a934795facbce,2022-07-05T02:32:29.450Z,62c39e98ab9a934795fabd0a,2022-07-05T02:32:29.450Z,62c3a223ab9a934795fac5ae
0,62c3a2e3ab9a934795facc94,2022-07-05T02:33:07.471Z,62c39ddaab9a934795fab415,2022-07-05T02:33:07.471Z,62c39f70ab9a934795fabdf4
0,62c3a4d6ab9a934795facfd7,2022-07-05T02:41:26.661Z,62b70498bb2cab71b5f547da,2022-07-05T02:41:26.661Z,62c12861f3c8d2611a4296c8
0,62c3a4e4ab9a934795fad030,2022-07-05T02:41:40.246Z,62bfd433f54e5aea4bdf1723,2022-07-05T02:41:40.246Z,62c12861f3c8d2611a4296c8
0,62c3a4ebab9a934795fad04e,2022-07-05T02:41:47.407Z,62b70f41af76674f1911d085,2022-07-05T02:41:47.407Z,62c12861f3c8d2611a4296c8
0,62c3a4f0ab9a934795fad06e,2022-07-05T02:41:52.678Z,62b70f69af76674f1911d0a5,2022-07-05T02:41:52.678Z,62c12861f3c8d2611a4296c8
0,62c3a4fbab9a934795fad0e5,2022-07-05T02:42:03.337Z,62b714e8ceeabb7eccc4256a,2022-07-05T02:42:03.337Z,62c12861f3c8d2611a4296c8
0,62c3a506ab9a934795fad158,2022-07-05T02:42:14.788Z,62b71452ceeabb7eccc424e6,2022-07-05T02:42:14.788Z,62c12861f3c8d2611a4296c8
0,62c3a514ab9a934795fad1d6,2022-07-05T02:42:28.300Z,62b4250090f86a98f300b361,2022-07-05T02:42:28.300Z,62c12861f3c8d2611a4296c8
0,62c3a583ab9a934795fad425,2022-07-05T02:44:19.048Z,62b3e2fbc2becede183e6380,2022-07-05T02:44:19.048Z,62c12861f3c8d2611a4296c8
0,62c3a592ab9a934795fad587,2022-07-05T02:44:34.878Z,62b713fcceeabb7eccc42493,2022-07-05T02:44:34.878Z,62c12861f3c8d2611a4296c8
0,62c3a6baab9a934795faded7,2022-07-05T02:49:30.026Z,62c3a6b4ab9a934795fadec8,2022-07-05T02:49:30.026Z,62c3a103ab9a934795fac060
0,62c3a6e5ab9a934795fae469,2022-07-05T02:50:13.720Z,62c3a6b4ab9a934795fadec8,2022-07-05T02:50:13.720Z,62b71382ceeabb7eccc42449
0,62c3a710ab9a934795fae88c,2022-07-05T02:50:56.516Z,62c3a607ab9a934795fadab9,2022-07-05T02:50:56.516Z,62b71382ceeabb7eccc42449
0,62c3a9d5ab9a934795faee96,2022-07-05T03:02:45.358Z,62b4271390f86a98f300b36b,2022-07-05T03:02:45.358Z,62c3a9bdab9a934795faedef
0,62c3a9f9ab9a934795faf0aa,2022-07-05T03:03:21.120Z,62c39e98ab9a934795fabd0a,2022-07-05T03:03:21.120Z,62c3a9bdab9a934795faedef
0,62c3a9f9ab9a934795faf0bd,2022-07-05T03:03:21.324Z,62c39e98ab9a934795fabd0a,2022-07-05T03:03:21.324Z,62c3a9bdab9a934795faedef
0,62c3a9f9ab9a934795faf0c7,2022-07-05T03:03:21.347Z,62c39e98ab9a934795fabd0a,2022-07-05T03:03:21.347Z,62c3a9bdab9a934795faedef
0,62c3a9f9ab9a934795faf0d8,2022-07-05T03:03:21.489Z,62c39e98ab9a934795fabd0a,2022-07-05T03:03:21.489Z,62c3a9bdab9a934795faedef
0,62c3a9f9ab9a934795faf0ee,2022-07-05T03:03:21.797Z,62c39e98ab9a934795fabd0a,2022-07-05T03:03:21.797Z,62c3a9bdab9a934795faedef
0,62c3a9f9ab9a934795faf103,2022-07-05T03:03:21.819Z,62c39e98ab9a934795fabd0a,2022-07-05T03:03:21.819Z,62c3a9bdab9a934795faedef
0,62c3a9f9ab9a934795faf118,2022-07-05T03:03:21.962Z,62c39e98ab9a934795fabd0a,2022-07-05T03:03:21.962Z,62c3a9bdab9a934795faedef
0,62c3aa00ab9a934795faf193,2022-07-05T03:03:28.633Z,62c39ddaab9a934795fab415,2022-07-05T03:03:28.633Z,62c3a9bdab9a934795faedef
0,62c3ab1fab9a934795faf637,2022-07-05T03:08:15.646Z,62b714e8ceeabb7eccc4256a,2022-07-05T03:08:15.646Z,62c3a9bdab9a934795faedef
0,62c3ab30ab9a934795faf6ab,2022-07-05T03:08:32.948Z,62b704f9bb2cab71b5f54822,2022-07-05T03:08:32.948Z,62c3a9bdab9a934795faedef
0,62c3ab3bab9a934795faf6f4,2022-07-05T03:08:43.643Z,62b704f9bb2cab71b5f54822,2022-07-05T03:08:43.643Z,62c3a9bdab9a934795faedef
0,62c3ab4dab9a934795faf73f,2022-07-05T03:09:01.055Z,62bfd433f54e5aea4bdf1723,2022-07-05T03:09:01.055Z,62c3a9bdab9a934795faedef
0,62c4367099ebab4f61c2d4ff,2022-07-05T13:02:40.161Z,62b4289d90f86a98f300b36e,2022-07-05T13:02:40.161Z,62c4341e99ebab4f61c2d421
0,62c4367599ebab4f61c2d582,2022-07-05T13:02:45.778Z,62b4250090f86a98f300b361,2022-07-05T13:02:45.778Z,62c4341e99ebab4f61c2d421
0,62c4367799ebab4f61c2d5da,2022-07-05T13:02:47.985Z,62c3aa6dab9a934795faf4e0,2022-07-05T13:02:47.985Z,62c4341e99ebab4f61c2d421
0,62c4367a99ebab4f61c2d641,2022-07-05T13:02:50.870Z,62c3aa2fab9a934795faf331,2022-07-05T13:02:50.870Z,62c4341e99ebab4f61c2d421
0,62c4367d99ebab4f61c2d695,2022-07-05T13:02:53.484Z,62c3aa15ab9a934795faf269,2022-07-05T13:02:53.484Z,62c4341e99ebab4f61c2d421
0,62c4368099ebab4f61c2d712,2022-07-05T13:02:56.991Z,62b4254290f86a98f300b366,2022-07-05T13:02:56.991Z,62c4341e99ebab4f61c2d421
0,62c439e199ebab4f61c2d835,2022-07-05T13:17:21.482Z,62b4289d90f86a98f300b36e,2022-07-05T13:17:21.482Z,62c4341e99ebab4f61c2d421
0,62c439ee99ebab4f61c2d8da,2022-07-05T13:17:34.483Z,62bfd433f54e5aea4bdf1723,2022-07-05T13:17:34.483Z,62c4341e99ebab4f61c2d421
0,62c43a0899ebab4f61c2d9bc,2022-07-05T13:18:00.791Z,62b71452ceeabb7eccc424e6,2022-07-05T13:18:00.791Z,62c4341e99ebab4f61c2d421
0,62c43ae799ebab4f61c2da92,2022-07-05T13:21:43.910Z,62c4383299ebab4f61c2d7a2,2022-07-05T13:21:43.910Z,62c43a9a99ebab4f61c2da0f
0,62c43af399ebab4f61c2db3a,2022-07-05T13:21:55.390Z,62c4352d99ebab4f61c2d483,2022-07-05T13:21:55.390Z,62c43a9a99ebab4f61c2da0f
0,62c43afa99ebab4f61c2dbc5,2022-07-05T13:22:02.086Z,62c4378999ebab4f61c2d779,2022-07-05T13:22:02.086Z,62c43a9a99ebab4f61c2da0f
0,62c43eb899ebab4f61c2de51,2022-07-05T13:38:00.277Z,62b4271390f86a98f300b36b,2022-07-05T13:38:00.277Z,62c43a9a99ebab4f61c2da0f
0,62c43ec499ebab4f61c2ded4,2022-07-05T13:38:12.623Z,62b4289d90f86a98f300b36e,2022-07-05T13:38:12.623Z,62c43a9a99ebab4f61c2da0f
0,62c43ed799ebab4f61c2dfc7,2022-07-05T13:38:31.782Z,62b714e8ceeabb7eccc4256a,2022-07-05T13:38:31.782Z,62c43a9a99ebab4f61c2da0f
0,62c43eec99ebab4f61c2e01d,2022-07-05T13:38:52.126Z,62c4383299ebab4f61c2d7a2,2022-07-05T13:38:52.126Z,62c43a9a99ebab4f61c2da0f
0,62c43f6099ebab4f61c2e185,2022-07-05T13:40:48.994Z,62b70498bb2cab71b5f547da,2022-07-05T13:40:48.994Z,62c43f4099ebab4f61c2e0f5
0,62c43f6f99ebab4f61c2e1d2,2022-07-05T13:41:03.678Z,62b4271390f86a98f300b36b,2022-07-05T13:41:03.678Z,62c43f4099ebab4f61c2e0f5
0,62c43f7a99ebab4f61c2e24a,2022-07-05T13:41:14.645Z,62c4383299ebab4f61c2d7a2,2022-07-05T13:41:14.645Z,62c43f4099ebab4f61c2e0f5
0,62c43f7f99ebab4f61c2e289,2022-07-05T13:41:19.071Z,62c4378999ebab4f61c2d779,2022-07-05T13:41:19.071Z,62c43f4099ebab4f61c2e0f5
0,62c43f8499ebab4f61c2e2d8,2022-07-05T13:41:24.621Z,62c438dd99ebab4f61c2d7d1,2022-07-05T13:41:24.621Z,62c43f4099ebab4f61c2e0f5
0,62c43fad99ebab4f61c2e373,2022-07-05T13:42:05.630Z,62c43dfc99ebab4f61c2ddc2,2022-07-05T13:42:05.630Z,62c43f4099ebab4f61c2e0f5
0,62c43fb799ebab4f61c2e3ce,2022-07-05T13:42:15.643Z,62c43d9499ebab4f61c2dd98,2022-07-05T13:42:15.643Z,62c43f4099ebab4f61c2e0f5
0,62c43fbc99ebab4f61c2e428,2022-07-05T13:42:20.536Z,62c43ce799ebab4f61c2dcf2,2022-07-05T13:42:20.536Z,62c43f4099ebab4f61c2e0f5
0,62c43fbf99ebab4f61c2e472,2022-07-05T13:42:23.302Z,62c43c2399ebab4f61c2dcc8,2022-07-05T13:42:23.302Z,62c43f4099ebab4f61c2e0f5
0,62c43fc699ebab4f61c2e4e8,2022-07-05T13:42:30.100Z,62c43ea599ebab4f61c2ddf0,2022-07-05T13:42:30.100Z,62c43f4099ebab4f61c2e0f5
0,62c43fc999ebab4f61c2e51c,2022-07-05T13:42:33.039Z,62c43ce799ebab4f61c2dcf2,2022-07-05T13:42:33.039Z,62c43f4099ebab4f61c2e0f5
0,62c43fcc99ebab4f61c2e572,2022-07-05T13:42:36.083Z,62c43ea599ebab4f61c2ddf0,2022-07-05T13:42:36.083Z,62c43f4099ebab4f61c2e0f5
0,62c4426199ebab4f61c2e7eb,2022-07-05T13:53:37.635Z,62c4383299ebab4f61c2d7a2,2022-07-05T13:53:37.635Z,62c4422b99ebab4f61c2e7a9
0,62c4426499ebab4f61c2e81d,2022-07-05T13:53:40.856Z,62c4352d99ebab4f61c2d483,2022-07-05T13:53:40.856Z,62c4422b99ebab4f61c2e7a9
0,62c4427b99ebab4f61c2e8c4,2022-07-05T13:54:03.314Z,62c43ce799ebab4f61c2dcf2,2022-07-05T13:54:03.314Z,62c4422b99ebab4f61c2e7a9
0,62c4428099ebab4f61c2e903,2022-07-05T13:54:08.612Z,62c43dfc99ebab4f61c2ddc2,2022-07-05T13:54:08.612Z,62c4422b99ebab4f61c2e7a9
0,62c4429399ebab4f61c2e979,2022-07-05T13:54:27.215Z,62c43c2399ebab4f61c2dcc8,2022-07-05T13:54:27.215Z,62c4422b99ebab4f61c2e7a9
0,62c4429899ebab4f61c2e9b2,2022-07-05T13:54:32.425Z,62c43ce799ebab4f61c2dcf2,2022-07-05T13:54:32.425Z,62c4422b99ebab4f61c2e7a9
0,62c442a199ebab4f61c2e9ff,2022-07-05T13:54:41.878Z,62c43dfc99ebab4f61c2ddc2,2022-07-05T13:54:41.878Z,62c4422b99ebab4f61c2e7a9
0,62c4433d99ebab4f61c2ebcd,2022-07-05T13:57:17.169Z,62c440a099ebab4f61c2e69d,2022-07-05T13:57:17.169Z,62c4422b99ebab4f61c2e7a9
0,62c4434299ebab4f61c2ebf7,2022-07-05T13:57:22.784Z,62c4414c99ebab4f61c2e758,2022-07-05T13:57:22.784Z,62c4422b99ebab4f61c2e7a9
0,62c4434a99ebab4f61c2ec8a,2022-07-05T13:57:30.282Z,62c4404399ebab4f61c2e66f,2022-07-05T13:57:30.282Z,62c4422b99ebab4f61c2e7a9
0,62c443c699ebab4f61c2ef60,2022-07-05T13:59:34.595Z,62bfd433f54e5aea4bdf1723,2022-07-05T13:59:34.595Z,62c4422b99ebab4f61c2e7a9
0,62c443cd99ebab4f61c2f00d,2022-07-05T13:59:41.838Z,62b7124aceeabb7eccc423a8,2022-07-05T13:59:41.838Z,62c4422b99ebab4f61c2e7a9
0,62c443ce99ebab4f61c2f064,2022-07-05T13:59:42.389Z,62b71299ceeabb7eccc423e8,2022-07-05T13:59:42.389Z,62c4422b99ebab4f61c2e7a9
0,62c446f499ebab4f61c2f37d,2022-07-05T14:13:08.400Z,62c4383299ebab4f61c2d7a2,2022-07-05T14:13:08.400Z,62b433283c0660c8adc60206
0,62c446fb99ebab4f61c2f3ad,2022-07-05T14:13:15.627Z,62c4378999ebab4f61c2d779,2022-07-05T14:13:15.627Z,62b433283c0660c8adc60206
0,62c4471399ebab4f61c2f44e,2022-07-05T14:13:39.920Z,62c43ce799ebab4f61c2dcf2,2022-07-05T14:13:39.920Z,62b433283c0660c8adc60206
0,62c4472f99ebab4f61c2f548,2022-07-05T14:14:07.571Z,62c4414c99ebab4f61c2e758,2022-07-05T14:14:07.571Z,62b433283c0660c8adc60206
0,62c4474499ebab4f61c2f5cf,2022-07-05T14:14:28.761Z,62c4404399ebab4f61c2e66f,2022-07-05T14:14:28.761Z,62b433283c0660c8adc60206
0,62c4474899ebab4f61c2f600,2022-07-05T14:14:32.576Z,62c440a099ebab4f61c2e69d,2022-07-05T14:14:32.576Z,62b433283c0660c8adc60206
0,62c4475b99ebab4f61c2f6d3,2022-07-05T14:14:51.241Z,62c445f199ebab4f61c2f2cc,2022-07-05T14:14:51.241Z,62b433283c0660c8adc60206
0,62c4475f99ebab4f61c2f722,2022-07-05T14:14:55.222Z,62c4452899ebab4f61c2f285,2022-07-05T14:14:55.222Z,62b433283c0660c8adc60206
0,62c4476899ebab4f61c2f783,2022-07-05T14:15:04.383Z,62c444ec99ebab4f61c2f261,2022-07-05T14:15:04.383Z,62b433283c0660c8adc60206
0,62c447b399ebab4f61c2f8af,2022-07-05T14:16:19.818Z,62c4383299ebab4f61c2d7a2,2022-07-05T14:16:19.818Z,62b71382ceeabb7eccc42449
0,62c447b799ebab4f61c2f8ee,2022-07-05T14:16:23.907Z,62c4352d99ebab4f61c2d483,2022-07-05T14:16:23.907Z,62b71382ceeabb7eccc42449
0,62c447cf99ebab4f61c2f97c,2022-07-05T14:16:47.340Z,62c43ce799ebab4f61c2dcf2,2022-07-05T14:16:47.340Z,62b71382ceeabb7eccc42449
0,62c447dc99ebab4f61c2f9c9,2022-07-05T14:17:00.432Z,62c43dfc99ebab4f61c2ddc2,2022-07-05T14:17:00.432Z,62b71382ceeabb7eccc42449
0,62c447fa99ebab4f61c2faca,2022-07-05T14:17:30.998Z,62c4404399ebab4f61c2e66f,2022-07-05T14:17:30.998Z,62b71382ceeabb7eccc42449
0,62c4480199ebab4f61c2fb0c,2022-07-05T14:17:37.914Z,62c440a099ebab4f61c2e69d,2022-07-05T14:17:37.914Z,62b71382ceeabb7eccc42449
0,62c4480799ebab4f61c2fb4e,2022-07-05T14:17:43.597Z,62c4404399ebab4f61c2e66f,2022-07-05T14:17:43.597Z,62b71382ceeabb7eccc42449
0,62c4480b99ebab4f61c2fb8e,2022-07-05T14:17:47.653Z,62c440a099ebab4f61c2e69d,2022-07-05T14:17:47.653Z,62b71382ceeabb7eccc42449
0,62c4480b99ebab4f61c2fb94,2022-07-05T14:17:47.657Z,62c4414c99ebab4f61c2e758,2022-07-05T14:17:47.657Z,62b71382ceeabb7eccc42449
0,62c4482999ebab4f61c2fccd,2022-07-05T14:18:17.708Z,62c444ec99ebab4f61c2f261,2022-07-05T14:18:17.708Z,62b71382ceeabb7eccc42449
0,62c4482d99ebab4f61c2fd10,2022-07-05T14:18:21.415Z,62c4452899ebab4f61c2f285,2022-07-05T14:18:21.415Z,62b71382ceeabb7eccc42449
0,62c4483099ebab4f61c2fd51,2022-07-05T14:18:24.589Z,62c445f199ebab4f61c2f2cc,2022-07-05T14:18:24.589Z,62b71382ceeabb7eccc42449
0,62c4485399ebab4f61c2fe7f,2022-07-05T14:18:59.109Z,62c4430599ebab4f61c2eaae,2022-07-05T14:18:59.109Z,62b71382ceeabb7eccc42449
0,62c4485399ebab4f61c2fe8a,2022-07-05T14:18:59.128Z,62c4430599ebab4f61c2eaae,2022-07-05T14:18:59.128Z,62b71382ceeabb7eccc42449
0,62c4488599ebab4f61c2ff78,2022-07-05T14:19:49.850Z,62c4383299ebab4f61c2d7a2,2022-07-05T14:19:49.850Z,62b70373bb2cab71b5f54763
0,62c4489499ebab4f61c2ffdd,2022-07-05T14:20:04.495Z,62c43ce799ebab4f61c2dcf2,2022-07-05T14:20:04.495Z,62b70373bb2cab71b5f54763
0,62c4489899ebab4f61c3000e,2022-07-05T14:20:08.599Z,62c43dfc99ebab4f61c2ddc2,2022-07-05T14:20:08.599Z,62b70373bb2cab71b5f54763
0,62c448a699ebab4f61c300e6,2022-07-05T14:20:22.936Z,62c4430599ebab4f61c2eaae,2022-07-05T14:20:22.936Z,62b70373bb2cab71b5f54763
0,62c448b999ebab4f61c301b7,2022-07-05T14:20:41.440Z,62c4404399ebab4f61c2e66f,2022-07-05T14:20:41.440Z,62b70373bb2cab71b5f54763
0,62c448be99ebab4f61c301e6,2022-07-05T14:20:46.994Z,62c440a099ebab4f61c2e69d,2022-07-05T14:20:46.994Z,62b70373bb2cab71b5f54763
0,62c448c299ebab4f61c30216,2022-07-05T14:20:50.290Z,62c4414c99ebab4f61c2e758,2022-07-05T14:20:50.290Z,62b70373bb2cab71b5f54763
0,62c448c699ebab4f61c30273,2022-07-05T14:20:54.957Z,62c4404399ebab4f61c2e66f,2022-07-05T14:20:54.957Z,62b70373bb2cab71b5f54763
0,62c448cd99ebab4f61c302b9,2022-07-05T14:21:01.326Z,62c440a099ebab4f61c2e69d,2022-07-05T14:21:01.326Z,62b70373bb2cab71b5f54763
0,62c448ce99ebab4f61c302e1,2022-07-05T14:21:02.180Z,62c4414c99ebab4f61c2e758,2022-07-05T14:21:02.180Z,62b70373bb2cab71b5f54763
0,62c4494b99ebab4f61c3055e,2022-07-05T14:23:07.336Z,62c4378999ebab4f61c2d779,2022-07-05T14:23:07.336Z,62c39f70ab9a934795fabdf4
0,62c4494f99ebab4f61c30596,2022-07-05T14:23:11.403Z,62c4383299ebab4f61c2d7a2,2022-07-05T14:23:11.403Z,62c39f70ab9a934795fabdf4
0,62c4495999ebab4f61c305e9,2022-07-05T14:23:21.458Z,62c43ce799ebab4f61c2dcf2,2022-07-05T14:23:21.458Z,62c39f70ab9a934795fabdf4
0,62c4495d99ebab4f61c30618,2022-07-05T14:23:25.460Z,62c43d9499ebab4f61c2dd98,2022-07-05T14:23:25.460Z,62c39f70ab9a934795fabdf4
0,62c4497099ebab4f61c30710,2022-07-05T14:23:44.562Z,62c440a099ebab4f61c2e69d,2022-07-05T14:23:44.562Z,62c39f70ab9a934795fabdf4
0,62c4497d99ebab4f61c307f0,2022-07-05T14:23:57.599Z,62c4430599ebab4f61c2eaae,2022-07-05T14:23:57.599Z,62c39f70ab9a934795fabdf4
0,62c4498299ebab4f61c3083f,2022-07-05T14:24:02.144Z,62c443b599ebab4f61c2ef1a,2022-07-05T14:24:02.144Z,62c39f70ab9a934795fabdf4
0,62c4498699ebab4f61c30881,2022-07-05T14:24:06.312Z,62c4438799ebab4f61c2ee9c,2022-07-05T14:24:06.312Z,62c39f70ab9a934795fabdf4
0,62c449dc99ebab4f61c309a9,2022-07-05T14:25:32.914Z,62c440a099ebab4f61c2e69d,2022-07-05T14:25:32.914Z,62c39bbcab9a934795faa518
0,62c449dd99ebab4f61c309bf,2022-07-05T14:25:33.885Z,62c4404399ebab4f61c2e66f,2022-07-05T14:25:33.885Z,62c39bbcab9a934795faa518
0,62c449ec99ebab4f61c30a95,2022-07-05T14:25:48.796Z,62c4430599ebab4f61c2eaae,2022-07-05T14:25:48.796Z,62c39bbcab9a934795faa518
0,62c449ff99ebab4f61c30bc7,2022-07-05T14:26:07.366Z,62c444ec99ebab4f61c2f261,2022-07-05T14:26:07.366Z,62c39bbcab9a934795faa518
0,62c44a0299ebab4f61c30bef,2022-07-05T14:26:10.053Z,62c445f199ebab4f61c2f2cc,2022-07-05T14:26:10.053Z,62c39bbcab9a934795faa518
0,62c44a3899ebab4f61c30dd8,2022-07-05T14:27:04.385Z,62c445f199ebab4f61c2f2cc,2022-07-05T14:27:04.385Z,62c39f70ab9a934795fabdf4
0,62c44a7799ebab4f61c30f09,2022-07-05T14:28:07.523Z,62c4430599ebab4f61c2eaae,2022-07-05T14:28:07.523Z,62c4341e99ebab4f61c2d421
0,62c44a7f99ebab4f61c30f4b,2022-07-05T14:28:15.194Z,62c4438799ebab4f61c2ee9c,2022-07-05T14:28:15.194Z,62c4341e99ebab4f61c2d421
0,62c44a9199ebab4f61c31049,2022-07-05T14:28:33.419Z,62c4452899ebab4f61c2f285,2022-07-05T14:28:33.419Z,62c4341e99ebab4f61c2d421
0,62c44af099ebab4f61c31200,2022-07-05T14:30:08.430Z,62c445f199ebab4f61c2f2cc,2022-07-05T14:30:08.430Z,62c43a9a99ebab4f61c2da0f
0,62c44aff99ebab4f61c312c6,2022-07-05T14:30:23.243Z,62c4430599ebab4f61c2eaae,2022-07-05T14:30:23.243Z,62c43a9a99ebab4f61c2da0f
0,62c450e499ebab4f61c31901,2022-07-05T14:55:32.340Z,62bfd433f54e5aea4bdf1723,2022-07-05T14:55:32.340Z,62b433283c0660c8adc60206
0,62c450e499ebab4f61c3191b,2022-07-05T14:55:32.582Z,62bfd433f54e5aea4bdf1723,2022-07-05T14:55:32.582Z,62b433283c0660c8adc60206
0,62c45bc599ebab4f61c32305,2022-07-05T15:41:57.755Z,62b70498bb2cab71b5f547da,2022-07-05T15:41:57.755Z,62b433283c0660c8adc60206
0,62c45bc699ebab4f61c3231d,2022-07-05T15:41:58.034Z,62b70498bb2cab71b5f547da,2022-07-05T15:41:58.034Z,62b433283c0660c8adc60206
0,62c45bc799ebab4f61c32335,2022-07-05T15:41:59.703Z,62b704f9bb2cab71b5f54822,2022-07-05T15:41:59.703Z,62b433283c0660c8adc60206
0,62c45bcb99ebab4f61c3236f,2022-07-05T15:42:03.787Z,62b70498bb2cab71b5f547da,2022-07-05T15:42:03.787Z,62b433283c0660c8adc60206
0,62c45bd499ebab4f61c323ab,2022-07-05T15:42:12.790Z,62b704f9bb2cab71b5f54822,2022-07-05T15:42:12.790Z,62b433283c0660c8adc60206
0,62c45bd599ebab4f61c323c2,2022-07-05T15:42:13.766Z,62b704c0bb2cab71b5f547fe,2022-07-05T15:42:13.766Z,62b433283c0660c8adc60206
0,62c45bdf99ebab4f61c323fa,2022-07-05T15:42:23.267Z,62bfd433f54e5aea4bdf1723,2022-07-05T15:42:23.267Z,62b433283c0660c8adc60206
0,62c45bdf99ebab4f61c32418,2022-07-05T15:42:23.878Z,62bfd433f54e5aea4bdf1723,2022-07-05T15:42:23.878Z,62b433283c0660c8adc60206